drug_name,pubchem_id,smile
Butyric Acid,264,CCCC(=O)O
Choline,305,C[N+](C)(C)CCO
Gallic acid,370,C1=C(C=C(C(=C1O)O)O)C(=O)O
Bupropion,444,CC(C(=O)C1=CC(=CC=C1)Cl)NC(C)(C)C
Albendazole,2082,CCCSC1=CC2=C(C=C1)N=C(N2)NC(=O)OC
Altretamine,2123,CN(C)C1=NC(=NC(=N1)N(C)C)N(C)C
Amantadine,2130,C1C2CC3CC1CC(C2)(C3)N
Amiodarone,2157,CCCCC1=C(C2=CC=CC=C2O1)C(=O)C3=CC(=C(C(=C3)I)OCCN(CC)CC)I
Amlodipine,2162,CCOC(=O)C1=C(NC(=C(C1C2=CC=CC=C2Cl)C(=O)OC)C)COCCN
Amoxapine,2170,C1CN(CCN1)C2=NC3=CC=CC=C3OC4=C2C=C(C=C4)Cl
Anagrelide,135409400,C1C2=C(C=CC(=C2Cl)Cl)N=C3N1CC(=O)N3
Anastrozole,2187,CC(C)(C#N)C1=CC(=CC(=C1)CN2C=NC=N2)C(C)(C)C#N
Anthralin,2202,C1C2=C(C(=CC=C2)O)C(=O)C3=C1C=CC=C3O
Astemizole,2247,COC1=CC=C(C=C1)CCN2CCC(CC2)NC3=NC4=CC=CC=C4N3CC5=CC=C(C=C5)F
Atrazine,2256,CCNC1=NC(=NC(=N1)Cl)NC(C)C
Azathioprine,2265,CN1C=NC(=C1SC2=NC=NC3=C2NC=N3)[N+](=O)[O-]
Benzbromarone,2333,CCC1=C(C2=CC=CC=C2O1)C(=O)C3=CC(=C(C(=C3)Br)O)Br
Benzthiazide,2343,C1=CC=C(C=C1)CSCC2=NS(=O)(=O)C3=CC(=C(C=C3N2)Cl)S(=O)(=O)N
Berberine,2353,COC1=C(C2=C[N+]3=C(C=C2C=C1)C4=CC5=C(C=C4CC3)OCO5)OC
Bicalutamide,2375,CC(CS(=O)(=O)C1=CC=C(C=C1)F)(C(=O)NC2=CC(=C(C=C2)C#N)C(F)(F)F)O
Bifonazole,2378,C1=CC=C(C=C1)C2=CC=C(C=C2)C(C3=CC=CC=C3)N4C=CN=C4
Biperiden,2381,C1CCN(CC1)CCC(C2CC3CC2C=C3)(C4=CC=CC=C4)O
Bisacodyl,2391,CC(=O)OC1=CC=C(C=C1)C(C2=CC=C(C=C2)OC(=O)C)C3=CC=CC=N3
Bromperidol,2448,C1CN(CCC1(C2=CC=C(C=C2)Br)O)CCCC(=O)C3=CC=C(C=C3)F
Bufexamac,2466,CCCCOC1=CC=C(C=C1)CC(=O)NO
Verapamil,2520,CC(C)C(CCCN(C)CCC1=CC(=C(C=C1)OC)OC)(C#N)C2=CC(=C(C=C2)OC)OC
Carisoprodol,2576,CCCC(C)(COC(=O)N)COC(=O)NC(C)C
carmustine,2578,C(CCl)NC(=O)N(CCCl)N=O
Carvedilol,2585,COC1=CC=CC=C1OCCNCC(COC2=CC=CC3=C2C4=CC=CC=C4N3)O
Celecoxib,2662,CC1=CC=C(C=C1)C2=CC(=NN2C3=CC=C(C=C3)S(=O)(=O)N)C(F)(F)F
Cetirizine,2678,C1CN(CCN1CCOCC(=O)O)C(C2=CC=CC=C2)C3=CC=C(C=C3)Cl
Chlormezanone,2717,CN1C(S(=O)(=O)CCC1=O)C2=CC=C(C=C2)Cl
Chloroxine,2722,C1=CC2=C(C(=C(C=C2Cl)Cl)O)N=C1
Cimetidine,2756,CC1=C(N=CN1)CSCCNC(=NC)NC#N
Cinnarizine,1547484,C1CN(CCN1CC=CC2=CC=CC=C2)C(C3=CC=CC=C3)C4=CC=CC=C4
Cinoxacin,2762,CCN1C2=CC3=C(C=C2C(=O)C(=N1)C(=O)O)OCO3
Ciprofloxacin,2764,C1CC1N2C=C(C(=O)C3=CC(=C(C=C32)N4CCNCC4)F)C(=O)O
Clioquinol,2788,C1=CC2=C(C(=C(C=C2Cl)I)O)N=C1
Clofazimine,2794,CC(C)N=C1C=C2C(=NC3=CC=CC=C3N2C4=CC=C(C=C4)Cl)C=C1NC5=CC=C(C=C5)Cl
Clonidine,2803,C1CN=C(N1)NC2=C(C=CC=C2Cl)Cl
Clotrimazole,2812,C1=CC=C(C=C1)C(C2=CC=CC=C2)(C3=CC=CC=C3Cl)N4C=CN=C4
Colchicine,6167,CC(=O)NC1CCC2=CC(=C(C(=C2C3=CC=C(C(=O)C=C13)OC)OC)OC)OC
Cyclobenzaprine,2895,CN(C)CCC=C1C2=CC=CC=C2C=CC3=CC=CC=C31
Cyclopenthiazide,2904,C1CCC(C1)CC2NC3=CC(=C(C=C3S(=O)(=O)N2)S(=O)(=O)N)Cl
Cyclophosphamide,2907,C1CNP(=O)(OC1)N(CCCl)CCCl
Diclofenac,3033,C1=CC=C(C(=C1)CC(=O)O)NC2=C(C=CC=C2Cl)Cl
Dicyclomine,3042,CCN(CC)CCOC(=O)C1(CCCCC1)C2CCCCC2
Diethylstilbestrol,448537,CCC(=C(CC)C1=CC=C(C=C1)O)C2=CC=C(C=C2)O
Dipyridamole,3108,C1CCN(CC1)C2=NC(=NC3=C2N=C(N=C3N4CCCCC4)N(CCO)CCO)N(CCO)CCO
Disulfiram,3117,CCN(CC)C(=S)SSC(=S)N(CC)CC
Ebselen,3194,C1=CC=C(C=C1)N2C(=O)C3=CC=CC=C3[Se]2
Enoxacin,3229,CCN1C=C(C(=O)C2=CC(=C(N=C21)N3CCNCC3)F)C(=O)O
Epirizole,3242,CC1=CC(=NC(=N1)N2C(=CC(=N2)C)OC)OC
Ethacrynic acid,3278,CCC(=C)C(=O)C1=C(C(=C(C=C1)OCC(=O)O)Cl)Cl
Ethoxzolamide,3295,CCOC1=CC2=C(C=C1)N=C(S2)S(=O)(=O)N
Etodolac,3308,CCC1=C2C(=CC=C1)C3=C(N2)C(OCC3)(CC)CC(=O)O
Etretinate,5282375,CCOC(=O)C=C(C)C=CC=C(C)C=CC1=C(C(=C(C=C1C)OC)C)C
Famciclovir,3324,CC(=O)OCC(CCN1C=NC2=CN=C(N=C21)N)COC(=O)C
Famotidine,5702160,C1=C(N=C(S1)N=C(N)N)CSCCC(=NS(=O)(=O)N)N
Felodipine,3333,CCOC(=O)C1=C(NC(=C(C1C2=C(C(=CC=C2)Cl)Cl)C(=O)OC)C)C
Fenbufen,3335,C1=CC=C(C=C1)C2=CC=C(C=C2)C(=O)CCC(=O)O
Fenofibrate,3339,CC(C)OC(=O)C(C)(C)OC1=CC=C(C=C1)C(=O)C2=CC=C(C=C2)Cl
Fenspiride,3344,C1CN(CCC12CNC(=O)O2)CCC3=CC=CC=C3
Fleroxacin,3357,CN1CCN(CC1)C2=C(C=C3C(=C2F)N(C=C(C3=O)C(=O)O)CCF)F
Fluconazole,3365,C1=CC(=C(C=C1F)F)C(CN2C=NC=N2)(CN3C=NC=N3)O
Flufenamic acid,3371,C1=CC=C(C(=C1)C(=O)O)NC2=CC=CC(=C2)C(F)(F)F
Fluphenazine,3372,C1CN(CCN1CCCN2C3=CC=CC=C3SC4=C2C=C(C=C4)C(F)(F)F)CCO
Flumequine,3374,CC1CCC2=C3N1C=C(C(=O)C3=CC(=C2)F)C(=O)O
Fluoxetine,3386,CNCCC(C1=CC=CC=C1)OC2=CC=C(C=C2)C(F)(F)F
Furazolidone,5323714,C1COC(=O)N1N=CC2=CC=C(O2)[N+](=O)[O-]
Gliclazide,3475,CC1=CC=C(C=C1)S(=O)(=O)NC(=O)NN2CC3CCCC3C2
Glipizide,3478,CC1=CN=C(C=N1)C(=O)NCCC2=CC=C(C=C2)S(=O)(=O)NC(=O)NC3CCCCC3
Haloperidol,3559,C1CN(CCC1(C2=CC=C(C=C2)Cl)O)CCCC(=O)C3=CC=C(C=C3)F
Haloprogin,3561,C1=C(C(=CC(=C1Cl)Cl)Cl)OCC#CI
Indomethacin,3715,CC1=C(C2=C(N1C(=O)C3=CC=C(C=C3)Cl)C=CC(=C2)OC)CC(=O)O
Iohexol,3730,CC(=O)N(CC(CO)O)C1=C(C(=C(C(=C1I)C(=O)NCC(CO)O)I)C(=O)NCC(CO)O)I
Irbesartan,3749,CCCCC1=NC2(CCCC2)C(=O)N1CC3=CC=C(C=C3)C4=CC=CC=C4C5=NNN=N5
Ketoconazole,456201,CC(=O)N1CCN(CC1)C2=CC=C(C=C2)OCC3COC(O3)(CN4C=CN=C4)C5=C(C=C(C=C5)Cl)Cl
Leflunomide,3899,CC1=C(C=NO1)C(=O)NC2=CC=C(C=C2)C(F)(F)F
Mefloquine,40692,C1CCNC(C1)C(C2=CC(=NC3=C2C=CC=C3C(F)(F)F)C(F)(F)F)O
Metronidazole,4173,CC1=NC=C(N1CCO)[N+](=O)[O-]
Mitotane,4211,C1=CC=C(C(=C1)C(C2=CC=C(C=C2)Cl)C(Cl)Cl)Cl
Mitoxantrone,4212,C1=CC(=C2C(=C1NCCNCCO)C(=O)C3=C(C=CC(=C3C2=O)O)O)NCCNCCO
Nabumetone,4409,CC(=O)CCC1=CC2=C(C=C1)C=C(C=C2)OC
Nadifloxacin,4410,CC1CCC2=C3N1C=C(C(=O)C3=CC(=C2N4CCC(CC4)O)F)C(=O)O
Naftopidil,4418,COC1=CC=CC=C1N2CCN(CC2)CC(COC3=CC=CC4=CC=CC=C43)O
Nevirapine,4463,CC1=C2C(=NC=C1)N(C3=C(C=CC=N3)C(=O)N2)C4CC4
Nitrendipine,4507,CCOC(=O)C1=C(NC(=C(C1C2=CC(=CC=C2)[N+](=O)[O-])C(=O)OC)C)C
Norfloxacin,4539,CCN1C=C(C(=O)C2=CC(=C(C=C21)N3CCNCC3)F)C(=O)O
Omeprazole,4594,CC1=CN=C(C(=C1OC)C)CS(=O)C2=NC3=C(N2)C=C(C=C3)OC
Oxaprozin,4614,C1=CC=C(C=C1)C2=C(OC(=N2)CCC(=O)O)C3=CC=CC=C3
Pantoprazole,4679,COC1=C(C(=NC=C1)CS(=O)C2=NC3=C(N2)C=C(C=C3)OC(F)F)OC
Perphenazine,4748,C1CN(CCN1CCCN2C3=CC=CC=C3SC4=C2C=C(C=C4)Cl)CCO
Phenindione,4760,C1=CC=C(C=C1)C2C(=O)C3=CC=CC=C3C2=O
Pioglitazone,4829,CCC1=CN=C(C=C1)CCOC2=CC=C(C=C2)CC3C(=O)NC(=O)S3
Pranlukast,4887,C1=CC=C(C=C1)CCCCOC2=CC=C(C=C2)C(=O)NC3=CC=CC4=C3OC(=CC4=O)C5=NNN=N5
Procarbazine,4915,CC(C)NC(=O)C1=CC=C(C=C1)CNNC
Pyrimethamine,4993,CCC1=C(C(=NC(=N1)N)N)C2=CC=C(C=C2)Cl
Rebamipide,5042,C1=CC=C2C(=C1)C(=CC(=O)N2)CC(C(=O)O)NC(=O)C3=CC=C(C=C3)Cl
Riluzole,5070,C1=CC2=C(C=C1OC(F)(F)F)SC(=N2)N
Risperidone,5073,CC1=C(C(=O)N2CCCCC2=N1)CCN3CCC(CC3)C4=NOC5=C4C=CC(=C5)F
Roxatidine acetate,5105,CC(=O)OCC(=O)NCCCOC1=CC=CC(=C1)CN2CCCCC2
Saccharin,5143,C1=CC=C2C(=C1)C(=O)NS2(=O)=O
Sotalol,5253,CC(C)NCC(C1=CC=C(C=C1)NS(=O)(=O)C)O
Imatinib,5291,CC1=C(C=C(C=C1)NC(=O)C2=CC=C(C=C2)CN3CCN(CC3)C)NC4=NC=CC(=N4)C5=CN=CC=C5
Sulfanilamide,5333,C1=CC(=CC=C1N)S(=O)(=O)N
Sulfinpyrazone,5342,C1=CC=C(C=C1)N2C(=O)C(C(=O)N2C3=CC=CC=C3)CCS(=O)C4=CC=CC=C4
Sulpiride,5355,CCN1CCCC1CNC(=O)C2=C(C=CC(=C2)S(=O)(=O)N)OC
Gatifloxacin,5379,CC1CN(CCN1)C2=C(C=C3C(=C2OC)N(C=C(C3=O)C(=O)O)C4CC4)F
Tegafur,5386,C1CC(OC1)N2C=C(C(=O)NC2=O)F
Temozolomide,5394,CN1C(=O)N2C=NC(=C2N=N1)C(=O)N
Terfenadine,5405,CC(C)(C)C1=CC=C(C=C1)C(CCCN2CCC(CC2)C(C3=CC=CC=C3)(C4=CC=CC=C4)O)O
Tinidazole,5479,CCS(=O)(=O)CCN1C(=NC=C1[N+](=O)[O-])C
Tioconazole,5482,C1=CC(=C(C=C1Cl)Cl)C(CN2C=CN=C2)OCC3=C(SC=C3)Cl
Tolazamide,5503,CC1=CC=C(C=C1)S(=O)(=O)NC(=O)NN2CCCCCC2
Tolnaftate,5510,CC1=CC(=CC=C1)N(C)C(=S)OC2=CC3=CC=CC=C3C=C2
Triclosan,5564,C1=CC(=C(C=C1Cl)O)OC2=C(C=C(C=C2)Cl)Cl
Trihexyphenidyl,5572,C1CCC(CC1)C(CCN2CCCCC2)(C3=CC=CC=C3)O
Trimethoprim,5578,COC1=CC(=CC(=C1OC)OC)CC2=CN=C(N=C2N)N
Troglitazone,5591,CC1=C(C2=C(CCC(O2)(C)COC3=CC=C(C=C3)CC4C(=O)NC(=O)S4)C(=C1O)C)C
Zafirlukast,5717,CC1=CC=CC=C1S(=O)(=O)NC(=O)C2=CC(=C(C=C2)CC3=CN(C4=C3C=C(C=C4)NC(=O)OC5CCCC5)C)OC
Zaleplon,5719,CCN(C1=CC=CC(=C1)C2=CC=NC3=C(C=NN23)C#N)C(=O)C
Zonisamide,5734,C1=CC=C2C(=C1)C(=NO2)CS(=O)(=O)N
Zotepine,5736,CN(C)CCOC1=CC2=CC=CC=C2SC3=C1C=C(C=C3)Cl
Reserpine,5770,COC1C(CC2CN3CCC4=C(C3CC2C1C(=O)OC)NC5=C4C=CC(=C5)OC)OC(=O)C6=CC(=C(C(=C6)OC)OC)OC
Lynestrenol,5857,CC12CCC3C(C1CCC2(C#C)O)CCC4=CCCCC34
Idoxuridine,5905,C1C(C(OC1N2C=C(C(=O)NC2=O)I)CO)O
Chloramphenicol,5959,C1=CC(=CC=C1C(C(CO)NC(=O)C(Cl)Cl)O)[N+](=O)[O-]
Testosterone propionate,5995,CCC(=O)OC1CCC2C1(CCC3C2CCC4=CC(=O)CCC34C)C
Kanamycin,6032,C1C(C(C(C(C1N)OC2C(C(C(C(O2)CN)O)O)O)O)OC3C(C(C(C(O3)CO)O)N)O)N
Folic acid,135398658,C1=CC(=CC=C1C(=O)NC(CCC(=O)O)C(=O)O)NCC2=CN=C3C(=N2)C(=O)NC(=N3)N
Levodopa,6047,C1=CC(=C(C=C1CC(C(=O)O)N)O)O
Ampicillin,6249,CC1(C(N2C(S1)C(C2=O)NC(=O)C(C3=CC=CC=C3)N)C(=O)O)C
Trifluridine,6256,C1C(C(OC1N2C=C(C(=O)NC2=O)C(F)(F)F)CO)O
Methsuximide,6476,CC1(CC(=O)N(C1=O)C)C2=CC=CC=C2
Bisphenol A,6623,CC(C)(C1=CC=C(C=C1)O)C2=CC=C(C=C2)O
Isosorbide dinitrate,6883,C1C(C2C(O1)C(CO2)O[N+](=O)[O-])O[N+](=O)[O-]
Phenformin,8249,C1=CC=C(C=C1)CCN=C(N)N=C(N)N
Neomycin,8378,C1C(C(C(C(C1N)OC2C(C(C(C(O2)CN)O)O)N)OC3C(C(C(O3)CO)OC4C(C(C(C(O4)CN)O)O)N)O)O)N
Galantamine,9651,CN1CCC23C=CC(CC2OC4=C(C=CC(=C34)C1)OC)O
Fluorometholone,9878,CC1CC2C3CCC(C3(CC(C2(C4(C1=CC(=O)C=C4)C)F)O)C)(C(=O)C)O
Cyproterone acetate,9880,CC(=O)C1(CCC2C1(CCC3C2C=C(C4=CC(=O)C5CC5C34C)Cl)C)OC(=O)C
Hesperidin,10621,CC1C(C(C(C(O1)OCC2C(C(C(C(O2)OC3=CC(=C4C(=O)CC(OC4=C3)C5=CC(=C(C=C5)OC)O)O)O)O)O)O)O)O
Metamfetamine,10836,CC(CC1=CC=CC=C1)NC
Chlorotrianisene,11289,COC1=CC=C(C=C1)C(=C(C2=CC=C(C=C2)OC)Cl)C3=CC=C(C=C3)OC
Lactulose,11333,C(C1C(C(C(C(O1)OC2C(OC(C2O)(CO)O)CO)O)O)O)O
Megestrol acetate,11683,CC1=CC2C(CCC3(C2CCC3(C(=O)C)OC(=O)C)C)C4(C1=CC(=O)CC4)C
Erythromycin,12560,CCC1C(C(C(C(=O)C(CC(C(C(C(C(C(=O)O1)C)OC2CC(C(C(O2)C)O)(C)OC)C)OC3C(C(CC(O3)C)N(C)C)O)(C)O)C)C)O)(C)O
Levonorgestrel,13109,CCC12CCC3C(C1CCC2(C#C)O)CCC4=CC(=O)CCC34
Vinblastine,13342,CCC1(CC2CC(C3=C(CCN(C2)C1)C4=CC=CC=C4N3)(C5=C(C=C6C(=C5)C78CCN9C7C(C=CC9)(C(C(C8N6C)(C(=O)OC)O)OC(=O)C)CC)OC)C(=O)OC)O
Estradiol Valerate,13791,CCCCC(=O)OC1CCC2C1(CCC3C2CCC4=C3C=CC(=C4)O)C
Vancomycin,14969,CC1C(C(CC(O1)OC2C(C(C(OC2OC3=C4C=C5C=C3OC6=C(C=C(C=C6)C(C(C(=O)NC(C(=O)NC5C(=O)NC7C8=CC(=C(C=C8)O)C9=C(C=C(C=C9O)O)C(NC(=O)C(C(C1=CC(=C(O4)C=C1)Cl)O)NC7=O)C(=O)O)CC(=O)N)NC(=O)C(CC(C)C)NC)O)Cl)CO)O)O)(C)N)O
Metaxalone,15459,CC1=CC(=CC(=C1)OCC2CNC(=O)O2)C
Pimozide,16362,C1CN(CCC1N2C3=CC=CC=C3NC2=O)CCCC(C4=CC=C(C=C4)F)C5=CC=C(C=C5)F
Streptomycin,19649,CC1C(C(C(O1)OC2C(C(C(C(C2O)O)N=C(N)N)O)N=C(N)N)OC3C(C(C(C(O3)CO)O)O)NC)(C=O)O
Cladribine,20279,C1C(C(OC1N2C=NC3=C(N=C(N=C32)Cl)N)CO)O
Flucloxacillin,21319,CC1=C(C(=NO1)C2=C(C=CC=C2Cl)F)C(=O)NC3C4N(C3=O)C(C(S4)(C)C)C(=O)O
Dihydrostreptomycin sulfate,21653,CC1C(C(C(O1)OC2C(C(C(C(C2O)O)N=C(N)N)O)N=C(N)N)OC3C(C(C(C(O3)CO)O)O)NC)(CO)O.CC1C(C(C(O1)OC2C(C(C(C(C2O)O)N=C(N)N)O)N=C(N)N)OC3C(C(C(C(O3)CO)O)O)NC)(CO)O.OS(=O)(=O)O.OS(=O)(=O)O.OS(=O)(=O)O
Vidarabine,21704,C1=NC(=C2C(=N1)N(C=N2)C3C(C(C(O3)CO)O)O)N
Chromium,23976,[Cr]
Camptothecin,24360,CCC1(C2=C(COC1=O)C(=O)N3CC4=CC5=CC=CC=C5N=C4C3=C2)O
Stanozolol,25249,CC12CCC3C(C1CCC2(C)O)CCC4C3(CC5=C(C4)NN=C5)C
Carbendazim,25429,COC(=O)NC1=NC2=CC=CC=C2N1
Diacerein,26248,CC(=O)OC1=CC=CC2=C1C(=O)C3=C(C2=O)C=C(C=C3OC(=O)C)C(=O)O
Levamisole,26879,C1CSC2=NC(CN21)C3=CC=CC=C3
Thiamphenicol,27200,CS(=O)(=O)C1=CC=C(C=C1)C(C(CO)NC(=O)C(Cl)Cl)O
Manganese,23930,[Mn]
Ornidazole,28061,CC1=NC=C(N1CC(CCl)O)[N+](=O)[O-]
Danazol,28417,CC12CCC3C(C1CCC2(C#C)O)CCC4=CC5=C(CC34C)C=NO5
Metergoline,28693,CN1CC(CC2C1CC3=CN(C4=CC=CC2=C34)C)CNC(=O)OCC5=CC=CC=C5
Daunorubicin,30323,CC1C(C(CC(O1)OC2CC(CC3=C2C(=C4C(=C3O)C(=O)C5=C(C4=O)C(=CC=C5)OC)O)(C(=O)C)O)N)O
Phenoxyethanol,31236,C1=CC=C(C=C1)OCCO
Doxorubicin,31703,CC1C(C(CC(O1)OC2CC(CC3=C2C(=C4C(=C3O)C(=O)C5=C(C4=O)C(=CC=C5)OC)O)(C(=O)CO)O)N)O
Pivampicillin,33478,CC1(C(N2C(S1)C(C2=O)NC(=O)C(C3=CC=CC=C3)N)C(=O)OCOC(=O)C(C)(C)C)C
Amoxicillin,33613,CC1(C(N2C(S1)C(C2=O)NC(=O)C(C3=CC=C(C=C3)O)N)C(=O)O)C
Nicergoline,34040,CN1CC(CC2(C1CC3=CN(C4=CC=CC2=C34)C)OC)COC(=O)C5=CC(=CN=C5)Br
Zidovudine,35370,CC1=CN(C(=O)NC1=O)C2CC(C(O2)CO)N=[N+]=[N-]
Etofenamate,35375,C1=CC=C(C(=C1)C(=O)OCCOCCO)NC2=CC=CC(=C2)C(F)(F)F
Tobramycin,36294,C1C(C(C(C(C1N)OC2C(C(C(C(O2)CO)O)N)O)O)OC3C(CC(C(O3)CN)O)N)N
Paclitaxel,36314,CC1=C2C(C(=O)C3(C(CC4C(C3C(C(C2(C)C)(CC1OC(=O)C(C(C5=CC=CC=C5)NC(=O)C6=CC=CC=C6)O)O)OC(=O)C7=CC=CC=C7)(CO4)OC(=O)C)O)C)OC(=O)C
Etoposide,36462,CC1OCC2C(O1)C(C(C(O2)OC3C4COC(=O)C4C(C5=CC6=C(C=C35)OCO6)C7=CC(=C(C(=C7)OC)O)OC)O)O
Ticarcillin,36921,CC1(C(N2C(S1)C(C2=O)NC(=O)C(C3=CSC=C3)C(=O)O)C(=O)O)C
Ribavirin,37542,C1=NC(=NN1C2C(C(C(O2)CO)O)O)C(=O)N
Bezafibrate,39042,CC(C)(C(=O)O)OC1=CC=C(C=C1)CCNC(=O)C2=CC=C(C=C2)Cl
Diltiazem,39186,CC(=O)OC1C(SC2=CC=CC=C2N(C1=O)CCN(C)C)C3=CC=C(C=C3)OC
Permethrin,40326,CC1(C(C1C(=O)OCC2=CC(=CC=C2)OC3=CC=CC=C3)C=C(Cl)Cl)C
Nicardipine hydrochloride,41114,CC1=C(C(C(=C(N1)C)C(=O)OCCN(C)CC2=CC=CC=C2)C3=CC(=CC=C3)[N+](=O)[O-])C(=O)OC.Cl
Idarubicin,42890,CC1C(C(CC(O1)OC2CC(CC3=C2C(=C4C(=C3O)C(=O)C5=CC=CC=C5C4=O)O)(C(=O)C)O)N)O
Ceforanide,43507,C1C(=C(N2C(S1)C(C2=O)NC(=O)CC3=CC=CC=C3CN)C(=O)O)CSC4=NN=NN4CC(=O)O
Piperacillin,43672,CCN1CCN(C(=O)C1=O)C(=O)NC(C2=CC=CC=C2)C(=O)NC3C4N(C3=O)C(C(S4)(C)C)C(=O)O
Paroxetine,43815,C1CNCC(C1C2=CC=C(C=C2)F)COC3=CC4=C(C=C3)OCO4
Cefoperazone,44187,CCN1CCN(C(=O)C1=O)C(=O)NC(C2=CC=C(C=C2)O)C(=O)NC3C4N(C3=O)C(=C(CS4)CSC5=NN=NN5C)C(=O)O
Nicorandil,47528,C1=CC(=CN=C1)C(=O)NCCO[N+](=O)[O-]
Cefadroxil,47965,CC1=C(N2C(C(C2=O)NC(=O)C(C3=CC=C(C=C3)O)N)SC1)C(=O)O
Cefaclor,51039,C1C(=C(N2C(S1)C(C2=O)NC(=O)C(C3=CC=CC=C3)N)C(=O)O)Cl
Cefotetan,53025,CN1C(=NN=N1)SCC2=C(N3C(C(C3=O)(NC(=O)C4SC(=C(C(=O)N)C(=O)O)S4)OC)SC2)C(=O)O
Lovastatin,53232,CCC(C)C(=O)OC1CC(C=C2C1C(C(C=C2)C)CCC3CC(CC(=O)O3)O)C
Simvastatin,54454,CCC(C)(C)C(=O)OC1CC(C=C2C1C(C(C=C2)C)CCC3CC(CC(=O)O3)O)C
Quinapril,54892,CCOC(=O)C(CCC1=CC=CC=C1)NC(C)C(=O)N2CC3=CC=CC=C3CC2C(=O)O
Mifepristone,55245,CC#CC1(CCC2C1(CC(C3=C4CCC(=O)C=C4CCC23)C5=CC=C(C=C5)N(C)C)C)O
Itraconazole,55283,CCC(C)N1C(=O)N(C=N1)C2=CC=C(C=C2)N3CCN(CC3)C4=CC=C(C=C4)OCC5COC(O5)(CN6C=NC=N6)C7=C(C=C(C=C7)Cl)Cl
Sarafloxacin,56208,C1CN(CCN1)C2=C(C=C3C(=C2)N(C=C(C3=O)C(=O)O)C4=CC=C(C=C4)F)F
Finasteride,57363,CC12CCC3C(C1CCC2C(=O)NC(C)(C)C)CCC4C3(C=CC(=O)N4)C
Imiquimod,57469,CC(C)CN1C=NC2=C1C3=CC=CC=C3N=C2N
Sertindole,60149,C1CN(CCC1C2=CN(C3=C2C=C(C=C3)Cl)C4=CC=C(C=C4)F)CCN5CCNC5=O
Sparfloxacin,60464,CC1CN(CC(N1)C)C2=C(C(=C3C(=C2F)N(C=C(C3=O)C(=O)O)C4CC4)N)F
Zileuton,60490,CC(C1=CC2=CC=CC=C2S1)N(C(=O)N)O
Gemcitabine,60750,C1=CN(C(=O)N=C1N)C2C(C(C(O2)CO)O)(F)F
Aripiprazole,60795,C1CC(=O)NC2=C1C=CC(=C2)OCCCCN3CCN(CC3)C4=C(C(=CC=C4)Cl)Cl
Duloxetine,60835,CNCCC(C1=CC=CS1)OC2=CC=CC3=CC=CC=C32
Irinotecan,60838,CCC1=C2CN3C(=CC4=C(C3=O)COC(=O)C4(CC)O)C2=NC5=C1C=C(C=C5)OC(=O)N6CCC(CC6)N7CCCCC7
Valsartan,60846,CCCCC(=O)N(CC1=CC=C(C=C1)C2=CC=CC=C2C3=NNN=N3)C(C(C)C)C(=O)O
Capecitabine,60953,CCCCCOC(=O)NC1=NC(=O)N(C=C1F)C2C(C(C(O2)C)O)O
Hypochlorite,61739,[O-]Cl
Trovafloxacin,62959,C1C2C(C2N)CN1C3=C(C=C4C(=O)C(=CN(C4=N3)C5=C(C=C(C=C5)F)F)C(=O)O)F
Efavirenz,64139,C1CC1C#CC2(C3=C(C=CC(=C3)Cl)NC(=O)O2)C(F)(F)F
Mevastatin,64715,CCC(C)C(=O)OC1CCC=C2C1C(C(C=C2)C)CCC3CC(CC(=O)O3)O
Secoisolariciresinol,65373,COC1=C(C=CC(=C1)CC(CO)C(CC2=CC(=C(C=C2)O)OC)CO)O
Pidotimod,65944,C1CC(=O)NC1C(=O)N2CSCC2C(=O)O
Repaglinide,65981,CCOC1=C(C=CC(=C1)CC(=O)NC(CC(C)C)C2=CC=CC=C2N3CCCCC3)C(=O)O
Telmisartan,65999,CCCC1=NC2=C(N1CC3=CC=C(C=C3)C4=CC=CC=C4C(=O)O)C=C(C=C2C)C5=NC6=CC=CC=C6N5C
Sertraline,68617,CNC1CCC(C2=CC=CC=C12)C3=CC(=C(C=C3)Cl)Cl
Artemisinin,68827,CC1CCC2C(C(=O)OC3C24C1CCC(O3)(OO4)C)C
Drospirenone,68873,CC12CCC(=O)C=C1C3CC3C4C2CCC5(C4C6CC6C57CCC(=O)O7)C
Voriconazole,71616,CC(C1=NC=NC=C1F)C(CN2C=NC=N2)(C3=C(C=C(C=C3)F)F)O
Secnidazole,71815,CC1=NC=C(N1CC(C)O)[N+](=O)[O-]
Atovaquone,74989,C1CC(CCC1C2=CC=C(C=C2)Cl)C3=C(C4=CC=CC=C4C(=O)C3=O)O
Clarithromycin,84029,CCC1C(C(C(C(=O)C(CC(C(C(C(C(C(=O)O1)C)OC2CC(C(C(O2)C)O)(C)OC)C)OC3C(C(CC(O3)C)N(C)C)O)(C)OC)C)C)O)(C)O
Imidacloprid,86287518,C1CN(C(=N[N+](=O)[O-])N1)CC2=CN=C(C=C2)Cl
Gliquidone,91610,CC1(C2=C(C=C(C=C2)OC)C(=O)N(C1=O)CCC3=CC=C(C=C3)S(=O)(=O)NC(=O)NC4CCCCC4)C
Imipenem,104838,CC(C1C2CC(=C(N2C1=O)C(=O)O)SCCN=CN)O
Bosentan,104865,CC(C)(C)C1=CC=C(C=C1)S(=O)(=O)NC2=C(C(=NC(=N2)C3=NC=CC=N3)OCCO)OC4=CC=CC=C4OC
Racecadotril,107751,CC(=O)SCC(CC1=CC=CC=C1)C(=O)NCC(=O)OCC2=CC=CC=C2
Geniposide,107848,COC(=O)C1=COC(C2C1CC=C2CO)OC3C(C(C(C(O3)CO)O)O)O
Daidzin,107971,C1=CC(=CC=C1C2=COC3=C(C2=O)C=CC(=C3)OC4C(C(C(C(O4)CO)O)O)O)O
Vardenafil,135400189,CCCC1=NC(=C2N1N=C(NC2=O)C3=C(C=CC(=C3)S(=O)(=O)N4CCN(CC4)CC)OCC)C
Tadalafil,110635,CN1CC(=O)N2C(C1=O)CC3=C(C2C4=CC5=C(C=C4)OCO5)NC6=CC=CC=C36
Pivmecillinam,115163,CC1(C(N2C(S1)C(C2=O)N=CN3CCCCCC3)C(=O)OCOC(=O)C(C)(C)C)C
Paliperidone,115237,CC1=C(C(=O)N2CCCC(C2=N1)O)CCN3CCC(CC3)C4=NOC5=C4C=CC(=C5)F
Clofarabine,119182,C1=NC2=C(N=C(N=C2N1C3C(C(C(O3)CO)O)F)Cl)N
Tazobactam,123630,CC1(C(N2C(S1(=O)=O)CC2=O)C(=O)O)CN3C=CN=N3
Gefitinib,123631,COC1=C(C=C2C(=C1)N=CN=C2NC3=CC(=C(C=C3)F)Cl)OCCCN4CCOCC4
Sulbactam,130313,CC1(C(N2C(S1(=O)=O)CC2=O)C(=O)O)C
Febuxostat,134018,CC1=C(SC(=N1)C2=CC(=C(C=C2)OCC(C)C)C#N)C(=O)O
Aspartame,134601,COC(=O)C(CC1=CC=CC=C1)NC(=O)C(CC(=O)O)N
Tempol,137994,CC1(CC(CC(N1[O])(C)C)O)C
Levofloxacin,149096,CC1COC2=C3N1C=C(C(=O)C3=CC(=C2N4CCN(CC4)C)F)C(=O)O
Ezetimibe,150311,C1=CC(=CC=C1C2C(C(=O)N2C3=CC=C(C=C3)F)CCC(C4=CC=C(C=C4)F)O)O
Ertapenem,150610,CC1C2C(C(=O)N2C(=C1SC3CC(NC3)C(=O)NC4=CC=CC(=C4)C(=O)O)C(=O)O)C(C)O
Moxifloxacin,152946,COC1=C2C(=CC(=C1N3CC4CCCNC4C3)F)C(=O)C(=CN2C5CC5)C(=O)O
Paromomycin,165580,C1C(C(C(C(C1N)OC2C(C(C(C(O2)CO)O)O)N)OC3C(C(C(O3)CO)OC4C(C(C(C(O4)CN)O)O)N)O)O)N
Erlotinib,176870,COCCOC1=C(C=C2C(=C1)C(=NC=N2)NC3=CC=CC(=C3)C#C)OCCOC
Deflazacort,189821,CC1=NC2(C(O1)CC3C2(CC(C4C3CCC5=CC(=O)C=CC45C)O)C)C(=O)COC(=O)C
Hexestrol,192197,CCC(C1=CC=C(C=C1)O)C(CC)C2=CC=C(C=C2)O
Troleandomycin,202225,CC1CC(C(C(O1)OC2C(CC3(CO3)C(=O)C(C(C(C(OC(=O)C(C(C2C)OC4CC(C(C(O4)C)OC(=O)C)OC)C)C)C)OC(=O)C)C)C)OC(=O)C)N(C)C
Ramelteon,208902,CCC(=O)NCCC1CCC2=C1C3=C(C=C2)OCC3
Estramustine,259331,CC12CCC3C(C1CCC2O)CCC4=C3C=CC(=C4)OC(=O)N(CCCl)CCCl
Ritonavir,392622,CC(C)C1=NC(=CS1)CN(C)C(=O)NC(C(C)C)C(=O)NC(CC2=CC=CC=C2)CC(C(CC3=CC=CC=C3)NC(=O)OCC4=CN=CS4)O
Pentostatin,439693,C1C(C(OC1N2C=NC3=C2NC=NCC3O)CO)O
Meropenem,441130,CC1C2C(C(=O)N2C(=C1SC3CC(NC3)C(=O)N(C)C)C(=O)O)C(C)O
Griseofulvin,441140,CC1CC(=O)C=C(C12C(=O)C3=C(O2)C(=C(C=C3OC)OC)Cl)OC
Cefoxitin,441199,COC1(C2N(C1=O)C(=C(CS2)COC(=O)N)C(=O)O)NC(=O)CC3=CC=CS3
Digitoxin,441207,CC1C(C(CC(O1)OC2C(OC(CC2O)OC3C(OC(CC3O)OC4CCC5(C(C4)CCC6C5CCC7(C6(CCC7C8=CC(=O)OC8)O)C)C)C)C)O)O
Miglitol,441314,C1C(C(C(C(N1CCO)CO)O)O)O
Linezolid,441401,CC(=O)NCC1CN(C(=O)O1)C2=CC(=C(C=C2)N3CCOCC3)F
Phorbol,442070,CC1C(C2(C(C2(C)C)C3C1(C4C=C(C(=O)C4(CC(=C3)CO)O)C)O)O)O
Vinpocetine,443955,CCC12CCCN3C1C4=C(CC3)C5=CC=CC=C5N4C(=C2)C(=O)OCC
Tacrolimus,445643,CC1CC(C2C(CC(C(O2)(C(=O)C(=O)N3CCCCC3C(=O)OC(C(C(CC(=O)C(C=C(C1)C)CC=C)O)C)C(=CC4CCC(C(C4)OC)O)C)O)C)OC)OC
Rosuvastatin,446157,CC(C)C1=NC(=NC(=C1C=CC(CC(CC(=O)O)O)O)C2=CC=C(C=C2)F)N(C)S(=O)(=O)C
Clindamycin,446598,CCCC1CC(N(C1)C)C(=O)NC(C2C(C(C(C(O2)SC)O)O)O)C(C)Cl
Brivudine,446727,C1C(C(OC1N2C=C(C(=O)NC2=O)C=CBr)CO)O
Fosfomycin,446987,CC1C(O1)P(=O)(O)O
Azithromycin,447043,CCC1C(C(C(N(CC(CC(C(C(C(C(C(=O)O1)C)OC2CC(C(C(O2)C)O)(C)OC)C)OC3C(C(CC(O3)C)N(C)C)O)(C)O)C)C)C)O)(C)O
Melphalan,460612,C1=CC(=CC=C1CC(C(=O)O)N)N(CCCl)CCCl
Tolfenamic acid,610479,CC1=C(C=CC=C1Cl)NC2=CC=CC=C2C(=O)O
Mezlocillin,656511,CC1(C(N2C(S1)C(C2=O)NC(=O)C(C3=CC=CC=C3)NC(=O)N4CCN(C4=O)S(=O)(=O)C)C(=O)O)C
Fludarabine,657237,C1=NC2=C(N=C(N=C2N1C3C(C(C(O3)CO)O)O)F)N
Dienestrol,667476,CC=C(C1=CC=C(C=C1)O)C(=CC)C2=CC=C(C=C2)O
Etomidate,667484,CCOC(=O)C1=CN=CN1C(C)C2=CC=CC=C2
Mercaptopurine,667490,C1=NC2=C(N1)C(=S)N=CN2
Caffeic acid,689043,C1=CC(=C(C=C1C=CC(=O)O)O)O
Thiothixene,941651,CN1CCN(CC1)CCC=C2C3=CC=CC=C3SC4=C2C=C(C=C4)S(=O)(=O)N(C)C
Eszopiclone,969472,CN1CCN(CC1)C(=O)OC2C3=NC=CN=C3C(=O)N2C4=NC=C(C=C4)Cl
Curcumin,969516,COC1=C(C=CC(=C1)C=CC(=O)CC(=O)C=CC2=CC(=C(C=C2)O)OC)O
Sulindac,1548887,CC1=C(C2=C(C1=CC3=CC=C(C=C3)S(=O)C)C=CC(=C2)F)CC(=O)O
Capsaicin,1548943,CC(C)C=CCCCCC(=O)NCC1=CC(=C(C=C1)O)OC
Merbromin,441373,C1=CC=C(C(=C1)C2=C3C=C(C(=O)C=C3OC4=C(C(=C(C=C24)Br)[O-])[Hg])Br)C(=O)[O-].O.[Na+].[Na+]
Digoxin,2724385,CC1C(C(CC(O1)OC2C(OC(CC2O)OC3C(OC(CC3O)OC4CCC5(C(C4)CCC6C5CC(C7(C6(CCC7C8=CC(=O)OC8)O)C)O)C)C)C)O)O
Tamoxifen,2733526,CCC(=C(C1=CC=CC=C1)C2=CC=C(C=C2)OCCN(C)C)C3=CC=CC=C3
Ranitidine,3001055,CNC(=C[N+](=O)[O-])NCCSCC1=CC=C(O1)CN(C)C
Telithromycin,3002190,CCC1C2(C(C(C(=O)C(CC(C(C(C(=O)C(C(=O)O1)C)C)OC3C(C(CC(O3)C)N(C)C)O)(C)OC)C)C)N(C(=O)O2)CCCCN4C=C(N=C4)C5=CN=CC=C5)C
Nelarabine,3011155,COC1=NC(=NC2=C1N=CN2C3C(C(C(O3)CO)O)O)N
Nizatidine,3033637,CNC(=C[N+](=O)[O-])NCCSCC1=CSC(=N1)CN(C)C
Azoxystrobin,3034285,COC=C(C1=CC=CC=C1OC2=NC=NC(=C2)OC3=CC=CC=C3C#N)C(=O)OC
Dasatinib,3062316,CC1=C(C(=CC=C1)Cl)NC(=O)C2=CN=C(S2)NC3=CC(=NC(=N3)C)N4CCN(CC4)CCO
Telavancin,3081362,CCCCCCCCCCNCCNC1(CC(OC(C1O)C)OC2C(C(C(OC2OC3=C4C=C5C=C3OC6=C(C=C(C=C6)C(C(C(=O)NC(C(=O)NC5C(=O)NC7C8=CC(=C(C=C8)O)C9=C(C(=C(C=C9C(NC(=O)C(C(C1=CC(=C(O4)C=C1)Cl)O)NC7=O)C(=O)O)O)CNCP(=O)(O)O)O)CC(=O)N)NC(=O)C(CC(C)C)NC)O)Cl)CO)O)O)C
Apramycin,3081545,CNC1C(C2C(CC(C(O2)OC3C(CC(C(C3O)O)N)N)N)OC1OC4C(C(C(C(O4)CO)N)O)O)O
Quercetin,5280343,C1=CC(=C(C=C1C2=C(C(=O)C3=C(C=C(C=C3O2)O)O)O)O)O
Tylosin,5280440,CCC1C(C=C(C=CC(=O)C(CC(C(C(C(CC(=O)O1)O)C)OC2C(C(C(C(O2)C)OC3CC(C(C(O3)C)O)(C)O)N(C)C)O)CC=O)C)C)COC4C(C(C(C(O4)C)O)OC)OC
Linoleic acid,5280450,CCCCCC=CCC=CCCCCCCCC(=O)O
Rutin,5280805,CC1C(C(C(C(O1)OCC2C(C(C(C(O2)OC3=C(OC4=CC(=CC(=C4C3=O)O)O)C5=CC(=C(C=C5)O)O)O)O)O)O)O)O
Genistein,5280961,C1=CC(=CC=C1C2=COC3=CC(=CC(=C3C2=O)O)O)O
Budesonide,5281004,CCCC1OC2CC3C4CCC5=CC(=O)C=CC5(C4C(CC3(C2(O1)C(=O)CO)C)O)C
Cefprozil,5281006,CC=CC1=C(N2C(C(C2=O)NC(=O)C(C3=CC=C(C=C3)O)N)SC1)C(=O)O
Montelukast,5281040,CC(C)(C1=CC=CC=C1CCC(C2=CC=CC(=C2)C=CC3=NC4=C(C=CC(=C4)Cl)C=C3)SCC5(CC5)CC(=O)O)O
Mycophenolate mofetil,5281078,CC1=C2COC(=O)C2=C(C(=C1OC)CC=C(C)CCC(=O)OCCN3CCOCC3)O
Entacapone,5281081,CCN(CC)C(=O)C(=CC1=CC(=C(C(=C1)O)O)[N+](=O)[O-])C#N
Diosmin,5281613,CC1C(C(C(C(O1)OCC2C(C(C(C(O2)OC3=CC(=C4C(=C3)OC(=CC4=O)C5=CC(=C(C=C5)OC)O)O)O)O)O)O)O)O
Daidzein,5281708,C1=CC(=CC=C1C2=COC3=C(C2=O)C=CC(=C3)O)O
Ellagic acid,5281855,C1=C2C3=C(C(=C1O)O)OC(=O)C4=CC(=C(C(=C43)OC2=O)O)O
Cilnidipine,5282138,CC1=C(C(C(=C(N1)C)C(=O)OCC=CC2=CC=CC=C2)C3=CC(=CC=C3)[N+](=O)[O-])C(=O)OCCOC
Josamycin,5282165,CC1CC=CC=CC(C(CC(C(C(C(CC(=O)O1)OC(=O)C)OC)OC2C(C(C(C(O2)C)OC3CC(C(C(O3)C)OC(=O)CC(C)C)(C)O)N(C)C)O)CC=O)C)O
Alfacalcidol,5282181,CC(C)CCCC(C)C1CCC2C1(CCCC2=CC=C3CC(CC(C3=C)O)O)C
Sorivudine,5282192,C1=C(C(=O)NC(=O)N1C2C(C(C(O2)CO)O)O)C=CBr
Tranilast,5282230,COC1=C(C=C(C=C1)C=CC(=O)NC2=CC=CC=C2C(=O)O)OC
Ceftibuten,5282242,C1C=C(N2C(S1)C(C2=O)NC(=O)C(=CCC(=O)O)C3=CSC(=N3)N)C(=O)O
Loracarbef,5284585,C1CC(=C(N2C1C(C2=O)NC(=O)C(C3=CC=CC=C3)N)C(=O)O)Cl
Naloxone,5284596,C=CCN1CCC23C4C(=O)CCC2(C1CC5=C3C(=C(C=C5)O)O4)O
Glyphosate,3496,C(C(=O)O)NCP(=O)(O)O
Morphine,5288826,CN1CCC23C4C1CC5=C2C(=C(C=C5)O)OC3C(C=C4)O
Lacidipine,5311217,CCOC(=O)C1=C(NC(=C(C1C2=CC=CC=C2C=CC(=O)OC(C)(C)C)C(=O)OCC)C)C
Nateglinide,5311309,CC(C)C1CCC(CC1)C(=O)NC(CC2=CC=CC=C2)C(=O)O
Sunitinib,5329102,CCN(CC)CCNC(=O)C1=C(NC(=C1C)C=C2C3=C(C=CC(=C3)F)NC2=O)C
Dacarbazine,135398738,CN(C)N=NC1=C(NC=N1)C(=O)N
Sulfasalazine,5339,C1=CC=NC(=C1)NS(=O)(=O)C2=CC=C(C=C2)N=NC3=CC(=C(C=C3)O)C(=O)O
Cefixime,5362065,C=CC1=C(N2C(C(C2=O)NC(=O)C(=NOCC(=O)O)C3=CSC(=N3)N)SC1)C(=O)O
Benazepril,5362124,CCOC(=O)C(CCC1=CC=CC=C1)NC2CCC3=CC=CC=C3N(C2=O)CC(=O)O
Ramipril,5362129,CCOC(=O)C(CCC1=CC=CC=C1)NC(C)C(=O)N2C3CCCC3CC2C(=O)O
Nitrofural,5447130,C1=C(OC(=C1)[N+](=O)[O-])C=NNC(=O)N
Calcium,5460341,[Ca]
Cefuroxime,5479529,CON=C(C1=CC=CO1)C(=O)NC2C3N(C2=O)C(=C(CS3)COC(=O)N)C(=O)O
Ceftriaxone,5479530,CN1C(=NC(=O)C(=O)N1)SCC2=C(N3C(C(C3=O)NC(=O)C(=NOC)C4=CSC(=N4)N)SC2)C(=O)O
Cefepime,5479537,C[N+]1(CCCC1)CC2=C(N3C(C(C3=O)NC(=O)C(=NOC)C4=CSC(=N4)N)SC2)C(=O)[O-]
Trandolapril,5484727,CCOC(=O)C(CCC1=CC=CC=C1)NC(C)C(=O)N2C3CCCCC3CC2C(=O)O
Cefotaxime,5742673,CC(=O)OCC1=C(N2C(C(C2=O)NC(=O)C(=NOC)C3=CSC(=N3)N)SC1)C(=O)O
Olsalazine,22419,C1=CC(=C(C=C1N=NC2=CC(=C(C=C2)O)C(=O)O)C(=O)O)O
Rifabutin,135415564,CC1C=CC=C(C(=O)NC2=C(C3=C(C4=C(C(=C3O)C)OC(C4=O)(OC=CC(C(C(C(C(C(C1O)C)O)C)OC(=O)C)C)OC)C)C5=NC6(CCN(CC6)CC(C)C)N=C25)O)C
Rifapentine,135403821,CC1C=CC=C(C(=O)NC2=C(C(=C3C(=C2O)C(=C(C4=C3C(=O)C(O4)(OC=CC(C(C(C(C(C(C1O)C)O)C)OC(=O)C)C)OC)C)C)O)O)C=NN5CCN(CC5)C6CCCC6)C
Balsalazide,54585,C1=CC(=CC=C1C(=O)NCCC(=O)O)N=NC2=CC(=C(C=C2)O)C(=O)O
Rifaximin,6436173,CC1C=CC=C(C(=O)NC2=C(C3=C(C4=C(C(=C3O)C)OC(C4=O)(OC=CC(C(C(C(C(C(C1O)C)O)C)OC(=O)C)C)OC)C)C5=C2N6C=CC(=CC6=N5)C)O)C
Spiramycin,5289394,CC1CC=CC=CC(C(CC(C(C(C(CC(=O)O1)O)OC)OC2C(C(C(C(O2)C)OC3CC(C(C(O3)C)O)(C)O)N(C)C)O)CC=O)C)OC4CCC(C(O4)C)N(C)C
Dirithromycin,6473883,CCC1C(C2C(C(C(CC(C(C(C(C(C(=O)O1)C)OC3CC(C(C(O3)C)O)(C)OC)C)OC4C(C(CC(O4)C)N(C)C)O)(C)O)C)NC(O2)COCCOC)C)(C)O
Azlocillin,6479523,CC1(C(N2C(S1)C(C2=O)NC(=O)C(C3=CC=CC=C3)NC(=O)N4CCNC4=O)C(=O)O)C
Norgestimate,6540478,CCC12CCC3C(C1CCC2(C#C)OC(=O)C)CCC4=CC(=NO)CCC34
Nitrofurantoin,6604200,C1C(=O)NC(=O)N1N=CC2=CC=C(O2)[N+](=O)[O-]
Nifurtimox,6842999,CC1CS(=O)(=O)CCN1N=CC2=CC=C(O2)[N+](=O)[O-]
Roxithromycin,6915744,CCC1C(C(C(C(=NOCOCCOC)C(CC(C(C(C(C(C(=O)O1)C)OC2CC(C(C(O2)C)O)(C)OC)C)OC3C(C(CC(O3)C)N(C)C)O)(C)O)C)C)O)(C)O
Cefdinir,6915944,C=CC1=C(N2C(C(C2=O)NC(=O)C(=NO)C3=CSC(=N3)N)SC1)C(=O)O
Ginsenoside Rb2,6917976,CC(=CCCC(C)(C1CCC2(C1C(CC3C2(CCC4C3(CCC(C4(C)C)OC5C(C(C(C(O5)CO)O)O)OC6C(C(C(C(O6)CO)O)O)O)C)C)O)C)OC7C(C(C(C(O7)COC8C(C(C(CO8)O)O)O)O)O)O)C
Vilazodone,6918314,C1CN(CCN1CCCCC2=CNC3=C2C=C(C=C3)C#N)C4=CC5=C(C=C4)OC(=C5)C(=O)N
Aprepitant,135413536,CC(C1=CC(=CC(=C1)C(F)(F)F)C(F)(F)F)OC2C(N(CCO2)CC3=NNC(=O)N3)C4=CC=C(C=C4)F
Chlorhexidine,9552079,C1=CC(=CC=C1NC(=NC(=NCCCCCCN=C(N)N=C(N)NC2=CC=C(C=C2)Cl)N)N)Cl
Aztreonam,5742832,CC1C(C(=O)N1S(=O)(=O)O)NC(=O)C(=NOC(C)(C)C(=O)O)C2=CSC(=N2)N
Gemifloxacin,9571107,CON=C1CN(CC1CN)C2=C(C=C3C(=O)C(=CN(C3=N2)C4CC4)C(=O)O)F
Acarbose,41774,CC1C(C(C(C(O1)OC2C(OC(C(C2O)O)OC3C(OC(C(C3O)O)O)CO)CO)O)O)NC4C=C(C(C(C4O)O)O)CO
Aloin,12305761,C1=CC2=C(C(=C1)O)C(=O)C3=C(C2C4C(C(C(C(O4)CO)O)O)O)C=C(C=C3O)CO
Linagliptin,10096344,CC#CCN1C2=C(N=C1N3CCCC(C3)N)N(C(=O)N(C2=O)CC4=NC5=CC=CC=C5C(=N4)C)C
Ginsenoside Rg5,11550001,CC(=CCC=C(C)C1CCC2(C1C(CC3C2(CCC4C3(CCC(C4(C)C)OC5C(C(C(C(O5)CO)O)O)OC6C(C(C(C(O6)CO)O)O)O)C)C)O)C)C
Fostamatinib,11671467,CC1(C(=O)N(C2=C(O1)C=CC(=N2)NC3=NC(=NC=C3F)NC4=CC(=C(C(=C4)OC)OC)OC)COP(=O)(O)O)C
Isoaminile,6481,CC(C)C(CC(C)N(C)C)(C#N)C1=CC=CC=C1
Ginsenoside Rc,12855889,CC(=CCCC(C)(C1CCC2(C1C(CC3C2(CCC4C3(CCC(C4(C)C)OC5C(C(C(C(O5)CO)O)O)OC6C(C(C(C(O6)CO)O)O)O)C)C)O)C)OC7C(C(C(C(O7)COC8C(C(C(O8)CO)O)O)O)O)O)C
Idebenone,3686,CC1=C(C(=O)C(=C(C1=O)OC)OC)CCCCCCCCCCO
Ceftobiprole,135413542,C1CNCC1N2CCC(=CC3=C(N4C(C(C4=O)NC(=O)C(=NO)C5=NSC(=N5)N)SC3)C(=O)O)C2=O
Thimerosal,16684434,CC[Hg]SC1=CC=CC=C1C(=O)[O-].[Na+]
Dalbavancin,16134627,CC(C)CCCCCCCCC(=O)NC1C(C(C(OC1OC2=C3C=C4C=C2OC5=C(C=C(C=C5)C(C6C(=O)NC(C7=C(C(=CC(=C7)O)OC8C(C(C(C(O8)CO)O)O)O)C9=C(C=CC(=C9)C(C(=O)N6)NC(=O)C4NC(=O)C1C2=C(C(=CC(=C2)OC2=C(C=CC(=C2)C(C(=O)NC(CC2=CC=C(O3)C=C2)C(=O)N1)NC)O)O)Cl)O)C(=O)NCCCN(C)C)O)Cl)C(=O)O)O)O
Solithromycin,25242512,CCC1C2(C(C(C(=O)C(CC(C(C(C(=O)C(C(=O)O1)(C)F)C)OC3C(C(CC(O3)C)N(C)C)O)(C)OC)C)C)N(C(=O)O2)CCCCN4C=C(N=N4)C5=CC(=CC=C5)N)C
Ivermectin,6321424,CCC(C)C1C(CCC2(O1)CC3CC(O2)CC=C(C(C(C=CC=C4COC5C4(C(C=C(C5O)C)C(=O)O3)O)C)OC6CC(C(C(O6)C)OC7CC(C(C(O7)C)O)OC)OC)C)C
Ginsenoside Rb1,9898279,CC(=CCCC(C)(C1CCC2(C1C(CC3C2(CCC4C3(CCC(C4(C)C)OC5C(C(C(C(O5)CO)O)O)OC6C(C(C(C(O6)CO)O)O)O)C)C)O)C)OC7C(C(C(C(O7)COC8C(C(C(C(O8)CO)O)O)O)O)O)O)C
Doxycycline,54671203,CC1C2C(C3C(C(=O)C(=C(C3(C(=O)C2=C(C4=C1C=CC=C4O)O)O)O)C(=O)N)N(C)C)O
Minocycline,54675783,CN(C)C1C2CC3CC4=C(C=CC(=C4C(=C3C(=O)C2(C(=C(C1=O)C(=O)N)O)O)O)O)N(C)C
Dicumarol,54676038,C1=CC=C2C(=C1)C(=C(C(=O)O2)CC3=C(C4=CC=CC=C4OC3=O)O)O
Acenocoumarol,54676537,CC(=O)CC(C1=CC=C(C=C1)[N+](=O)[O-])C2=C(C3=CC=CC=C3OC2=O)O
Warfarin,54678486,CC(=O)CC(C1=CC=CC=C1)C2=C(C3=CC=CC=C3OC2=O)O
Lymecycline,54707177,CC1(C2CC3C(C(=O)C(=C(C3(C(=O)C2=C(C4=C1C=CC=C4O)O)O)O)C(=O)NCNCCCCC(C(=O)O)N)N(C)C)O
Auranofin,24199313,CCP(CC)CC.CC(=O)OCC1C(C(C(C(O1)[S-])OC(=O)C)OC(=O)C)OC(=O)C.[Au+]
Iocetamic acid,27648,CC(CN(C1=C(C=C(C(=C1I)N)I)I)C(=O)C)C(=O)O
Carboxymethylcellulose,24748,CC(=O)O.C(C(C(C(C(C=O)O)O)O)O)O
Xylitol,6912,C(C(C(C(CO)O)O)O)O
Diclazuril,456389,C1=CC(=CC=C1C(C#N)C2=C(C=C(C=C2Cl)N3C(=O)NC(=O)C=N3)Cl)Cl
Fenbendazole,3334,COC(=O)NC1=NC2=C(N1)C=C(C=C2)SC3=CC=CC=C3
Florfenicol,114811,CS(=O)(=O)C1=CC=C(C=C1)C(C(CF)NC(=O)C(Cl)Cl)O
Thiostrepton,16154490,CCC(C)C1C(=O)NC(C(=O)NC(=C)C(=O)NC(C(=O)NC23CCC(=NC2C4=CSC(=N4)C(C(OC(=O)C5=NC6=C(C=CC(C6O)N1)C(=C5)C(C)O)C)NC(=O)C7=CSC(=N7)C(NC(=O)C8CSC(=N8)C(=CC)NC(=O)C(NC(=O)C9=CSC3=N9)C(C)O)C(C)(C(C)O)O)C1=NC(=CS1)C(=O)NC(=C)C(=O)NC(=C)C(=O)N)C)C
Fentiazac,28871,C1=CC=C(C=C1)C2=NC(=C(S2)CC(=O)O)C3=CC=C(C=C3)Cl
Tribenoside,196122,CCOC1C(C(C(O1)C(COCC2=CC=CC=C2)OCC3=CC=CC=C3)OCC4=CC=CC=C4)O
Suloctidil,657255,CCCCCCCCNC(C)C(C1=CC=C(C=C1)SC(C)C)O
Pranoprofen,4888,CC(C1=CC2=C(C=C1)OC3=C(C2)C=CC=N3)C(=O)O
Oxolinic acid,4628,CCN1C=C(C(=O)C2=CC3=C(C=C21)OCO3)C(=O)O
Niridazole,6093,C1CN(C(=O)N1)C2=NC=C(S2)[N+](=O)[O-]
Lidoflazine,3926,CC1=C(C(=CC=C1)C)NC(=O)CN2CCN(CC2)CCCC(C3=CC=C(C=C3)F)C4=CC=C(C=C4)F
Rufloxacin,58258,CN1CCN(CC1)C2=C(C=C3C4=C2SCCN4C=C(C3=O)C(=O)O)F
Pipemidic acid,4831,CCN1C=C(C(=O)C2=CN=C(N=C21)N3CCNCC3)C(=O)O
Nifuroxazide,5337997,C1=CC(=CC=C1C(=O)NN=CC2=CC=C(O2)[N+](=O)[O-])O
Clinafloxacin,60063,C1CC1N2C=C(C(=O)C3=CC(=C(C(=C32)Cl)N4CCC(C4)N)F)C(=O)O
Hycanthone,3634,CCN(CC)CCNC1=C2C(=C(C=C1)CO)SC3=CC=CC=C3C2=O
Tenofovir,464205,CC(CN1C=NC2=C(N=CN=C21)N)OCP(=O)(O)O
Mometasone furoate,441336,CC1CC2C3CCC4=CC(=O)C=CC4(C3(C(CC2(C1(C(=O)CCl)OC(=O)C5=CC=CO5)C)O)Cl)C
Diloxanide furoate,19529,CN(C1=CC=C(C=C1)OC(=O)C2=CC=CO2)C(=O)C(Cl)Cl
Acecainide,4342,CCN(CC)CCNC(=O)C1=CC=C(C=C1)NC(=O)C
Acetopromazine maleate salt,6420038,CC(=O)C1=CC2=C(C=C1)SC3=CC=CC=C3N2CCCN(C)C.C(=CC(=O)O)C(=O)O
Alexidine dihydrochloride,102678,CCCCC(CC)CN=C(N)NC(=NCCCCCCN=C(N)NC(=NCC(CC)CCCC)N)N.Cl.Cl
Alverine citrate salt,21718,CCN(CCCC1=CC=CC=C1)CCCC2=CC=CC=C2.C(C(=O)O)C(CC(=O)O)(C(=O)O)O
Amikacin hydrate,16218899,C1C(C(C(C(C1NC(=O)C(CCN)O)OC2C(C(C(C(O2)CO)O)N)O)O)OC3C(C(C(C(O3)CN)O)O)O)N.O
Amiodarone hydrochloride,441325,CCCCC1=C(C2=CC=CC=C2O1)C(=O)C3=CC(=C(C(=C3)I)OCCN(CC)CC)I.Cl
Amiprilose hydrochloride,9798098,CC1(OC2C(C(OC2O1)C(CO)O)OCCCN(C)C)C.Cl
Amodiaquin dihydrochloride dihydrate,64646,CCN(CC)CC1=C(C=CC(=C1)NC2=C3C=CC(=CC3=NC=C2)Cl)O.O.O.Cl.Cl
Ampicillin trihydrate,23565,CC1(C(N2C(S1)C(C2=O)NC(=O)C(C3=CC=CC=C3)N)C(=O)O)C.O.O.O
Anethole-trithione,2194,COC1=CC=C(C=C1)C2=CC(=S)SS2
Arsenic,5359596,[As]
Asenapine maleate,6917875,CN1CC2C(C1)C3=C(C=CC(=C3)Cl)OC4=CC=CC=C24.C(=CC(=O)O)C(=O)O
Avermectin B1a,6434889,CCC(C)C1C(C=CC2(O1)CC3CC(O2)CC=C(C(C(C=CC=C4COC5C4(C(C=C(C5O)C)C(=O)O3)O)C)OC6CC(C(C(O6)C)OC7CC(C(C(O7)C)O)OC)OC)C)C
Azacytidine-5,6420049,C1=NC(=NC(=O)N1C2C(C(C(O2)CO)O)O)N
Azaguanine-8,135403646,C12=NNN=C1N=C(NC2=O)N
Azelastine HCl,54360,CN1CCCC(CC1)N2C(=O)C3=CC=CC=C3C(=N2)CC4=CC=C(C=C4)Cl.Cl
Azetirelin,65841,C1CC(N(C1)C(=O)C(CC2=CN=CN2)NC(=O)C3CC(=O)N3)C(=O)N
Azlocillin sodium salt,23685176,CC1(C(N2C(S1)C(C2=O)NC(=O)C(C3=CC=CC=C3)NC(=O)N4CCNC4=O)C(=O)[O-])C.[Na+]
Bacampicillin hydrochloride,441398,CCOC(=O)OC(C)OC(=O)C1C(SC2N1C(=O)C2NC(=O)C(C3=CC=CC=C3)N)(C)C.Cl
Benfluorex hydrochloride,198015,CC(CC1=CC(=CC=C1)C(F)(F)F)NCCOC(=O)C2=CC=CC=C2.Cl
Benzathine benzylpenicillin,25137901,CC1(C(N2C(S1)C(C2=O)NC(=O)CC3=CC=CC=C3)C(=O)[O-])C.CC1(C(N2C(S1)C(C2=O)NC(=O)CC3=CC=CC=C3)C(=O)[O-])C.C1=CC=C(C=C1)C[NH2+]CC[NH2+]CC2=CC=CC=C2
Benzethonium chloride,8478,CC(C)(C)CC(C)(C)C1=CC=C(C=C1)OCCOCC[N+](C)(C)CC2=CC=CC=C2.[Cl-]
Benzydamine hydrochloride,65464,CN(C)CCCOC1=NN(C2=CC=CC=C21)CC3=CC=CC=C3.Cl
Benzylpenicillin sodium,23668834,CC1(C(N2C(S1)C(C2=O)NC(=O)CC3=CC=CC=C3)C(=O)[O-])C.[Na+]
Bepridil hydrochloride,50088,CC(C)COCC(CN(CC1=CC=CC=C1)C2=CC=CC=C2)N3CCCC3.Cl
Betamethasone acetate,443967,CC1CC2C3CCC4=CC(=O)C=CC4(C3(C(CC2(C1(C(=O)COC(=O)C)O)C)O)F)C
Betamethasone valerate,16533,CCCCC(=O)OC1(C(CC2C1(CC(C3(C2CCC4=CC(=O)C=CC43C)F)O)C)C)C(=O)CO
Betaxolol hydrochloride,107952,CC(C)NCC(COC1=CC=C(C=C1)CCOCC2CC2)O.Cl
Bromocriptine mesylate,31100,CC(C)CC1C(=O)N2CCCC2C3(N1C(=O)C(O3)(C(C)C)NC(=O)C4CN(C5CC6=C(NC7=CC=CC(=C67)C5=C4)Br)C)O.CS(=O)(=O)O
Butenafine Hydrochloride,443867,CC(C)(C)C1=CC=C(C=C1)CN(C)CC2=CC=CC3=CC=CC=C32.Cl
Butoconazole nitrate,47471,C1=CC(=C(C(=C1)Cl)SC(CCC2=CC=C(C=C2)Cl)CN3C=CN=C3)Cl.[N+](=O)(O)[O-]
Camylofine dihydrochloride,23724817,CCN(CC)CCNC(C1=CC=CC=C1)C(=O)OCCC(C)C.Cl.Cl
Carbadox,135511839,COC(=O)NN=CC1=[N+](C2=CC=CC=C2[N+](=C1)[O-])[O-]
Carbenoxolone disodium salt,13055197,CC1(C2CCC3(C(C2(CCC1OC(=O)CCC(=O)[O-])C)C(=O)C=C4C3(CCC5(C4CC(CC5)(C)C(=O)[O-])C)C)C)C.[Na+].[Na+]
Carbetapentane citrate,90010,CCN(CC)CCOCCOC(=O)C1(CCCC1)C2=CC=CC=C2.C(C(=O)O)C(CC(=O)O)(C(=O)O)O
Cefaclor hydrate,51038,C1C(=C(N2C(S1)C(C2=O)NC(=O)C(C3=CC=CC=C3)N)C(=O)O)Cl.O
Cefazolin sodium salt,23675322,CC1=NN=C(S1)SCC2=C(N3C(C(C3=O)NC(=O)CN4C=NN=N4)SC2)C(=O)[O-].[Na+]
Cefepime hydrochloride,9571075,C[N+]1(CCCC1)CC2=C(N3C(C(C3=O)NC(=O)C(=NOC)C4=CSC(=N4)N)SC2)C(=O)O.O.Cl.[Cl-]
Cefmetazole sodium salt,23666711,CN1C(=NN=N1)SCC2=C(N3C(C(C3=O)(NC(=O)CSCC#N)OC)SC2)C(=O)[O-].[Na+]
Cefoperazone dihydrate,6420003,CCN1CCN(C(=O)C1=O)C(=O)NC(C2=CC=C(C=C2)O)C(=O)NC3C4N(C3=O)C(=C(CS4)CSC5=NN=NN5C)C(=O)O.O.O
Cefotaxime sodium salt,10695961,CC(=O)OCC1=C(N2C(C(C2=O)NC(=O)C(=NOC)C3=CSC(=N3)N)SC1)C(=O)[O-].[Na+]
Cefotiam hydrochloride,47896,CN(C)CCN1C(=NN=N1)SCC2=C(N3C(C(C3=O)NC(=O)CC4=CSC(=N4)N)SC2)C(=O)O.Cl.Cl
Cefoxitin sodium salt,23667300,COC1(C2N(C1=O)C(=C(CS2)COC(=O)N)C(=O)[O-])NC(=O)CC3=CC=CS3.[Na+]
Cefsulodin sodium salt,656644,C1C(=C(N2C(S1)C(C2=O)NC(=O)C(C3=CC=CC=C3)S(=O)(=O)[O-])C(=O)[O-])C[N+]4=CC=C(C=C4)C(=O)N.[Na+]
Ceftazidime pentahydrate,5362051,CC(C)(C(=O)O)ON=C(C1=CSC(=N1)N)C(=O)NC2C3N(C2=O)C(=C(CS3)C[N+]4=CC=CC=C4)C(=O)[O-].O.O.O.O.O
Cefuroxime sodium salt,23670318,CON=C(C1=CC=CO1)C(=O)NC2C3N(C2=O)C(=C(CS3)COC(=O)N)C(=O)[O-].[Na+]
"Cephalosporanic acid, 7-amino",441328,CC(=O)OCC1=C(N2C(C(C2=O)N)SC1)C(=O)O
Cephalosporins,65536,CC(=O)OCC1=C(N2C(C(C2=O)NC(=O)CCCC(C(=O)O)N)SC1)C(=O)O
Cephalothin sodium salt,23675321,CC(=O)OCC1=C(N2C(C(C2=O)NC(=O)CC3=CC=CS3)SC1)C(=O)[O-].[Na+]
Chlorcyclizine hydrochloride,62413,CN1CCN(CC1)C(C2=CC=CC=C2)C3=CC=C(C=C3)Cl.Cl
Chlorpromazine hydrochloride,6240,CN(C)CCCN1C2=CC=CC=C2SC3=C1C=C(C=C3)Cl.Cl
Chlorprothixene hydrochloride,5282478,CN(C)CCC=C1C2=CC=CC=C2SC3=C1C=C(C=C3)Cl.Cl
Chlortetracycline hydrochloride,54682468,CC1(C2CC3C(C(=O)C(=C(C3(C(=O)C2=C(C4=C(C=CC(=C41)Cl)O)O)O)O)C(=O)N)N(C)C)O.Cl
Ciprofloxacin hydrochloride monohydrate,62998,C1CC1N2C=C(C(=O)C3=CC(=C(C=C32)N4CCNCC4)F)C(=O)O.O.Cl
Clemastine fumarate,5281069,CC(C1=CC=CC=C1)(C2=CC=C(C=C2)Cl)OCCC3CCCN3C.C(=CC(=O)O)C(=O)O
Clemizole,2782,C1CCN(C1)CC2=NC3=CC=CC=C3N2CC4=CC=C(C=C4)Cl
Clemizole hydrochloride,5309446,C1CCN(C1)CC2=NC3=CC=CC=C3N2CC4=CC=C(C=C4)Cl.Cl
Clindamycin hydrochloride,16051951,CCCC1CC(N(C1)C)C(=O)NC(C2C(C(C(C(O2)SC)O)O)O)C(C)Cl.Cl
Clofilium tosylate,175533,CCCCCCC[N+](CC)(CC)CCCCC1=CC=C(C=C1)Cl.CC1=CC=C(C=C1)S(=O)(=O)[O-]
Clomipramine hydrochloride,68539,CN(C)CCCN1C2=CC=CC=C2CCC3=C1C=C(C=C3)Cl.Cl
Closantel,42574,CC1=CC(=C(C=C1NC(=O)C2=C(C(=CC(=C2)I)I)O)Cl)C(C#N)C3=CC=C(C=C3)Cl
Cloxacillin sodium salt,23675320,CC1=C(C(=NO1)C2=CC=CC=C2Cl)C(=O)NC3C4N(C3=O)C(C(S4)(C)C)C(=O)[O-].[Na+]
Cyclobenzaprine hydrochloride,22576,CN(C)CCC=C1C2=CC=CC=C2C=CC3=CC=CC=C31.Cl
Cyproheptadine hydrochloride,13770,CN1CCC(=C2C3=CC=CC=C3C=CC4=CC=CC=C42)CC1.Cl
Dantrolene sodium salt,6604100,C1C(=NC(=O)N1N=CC2=CC=C(O2)C3=CC=C(C=C3)[N+](=O)[O-])[O-].[Na+]
Daunorubicin hydrochloride,62770,CC1C(C(CC(O1)OC2CC(CC3=C2C(=C4C(=C3O)C(=O)C5=C(C4=O)C(=CC=C5)OC)O)(C(=O)C)O)N)O.Cl
Demecarium bromide,5965,CN(CCCCCCCCCCN(C)C(=O)OC1=CC=CC(=C1)[N+](C)(C)C)C(=O)OC2=CC=CC(=C2)[N+](C)(C)C.[Br-].[Br-]
Demeclocycline hydrochloride,54686764,CN(C)C1C2CC3C(C4=C(C=CC(=C4C(=C3C(=O)C2(C(=C(C1=O)C(=O)N)O)O)O)O)Cl)O.Cl
Dequalinium dichloride,10649,CC1=[N+](C2=CC=CC=C2C(=C1)N)CCCCCCCCCC[N+]3=C(C=C(C4=CC=CC=C43)N)C.[Cl-].[Cl-]
Diacetamate,17499,CC(=O)NC1=CC=C(C=C1)OC(=O)C
Dicloxacillin sodium salt hydrate,23675786,CC1=C(C(=NO1)C2=C(C=CC=C2Cl)Cl)C(=O)NC3C4N(C3=O)C(C(S4)(C)C)C(=O)[O-].O.[Na+]
Diflorasone diacetate,71414,CC1CC2C3CC(C4=CC(=O)C=CC4(C3(C(CC2(C1(C(=O)COC(=O)C)OC(=O)C)C)O)F)C)F
Doxazosin mesylate,62978,COC1=C(C=C2C(=C1)C(=NC(=N2)N3CCN(CC3)C(=O)C4COC5=CC=CC=C5O4)N)OC.CS(=O)(=O)O
Doxorubicin hydrochloride,443939,CC1C(C(CC(O1)OC2CC(CC3=C2C(=C4C(=C3O)C(=O)C5=C(C4=O)C(=CC=C5)OC)O)(C(=O)CO)O)N)O.Cl
Doxycycline hydrochloride,54685920,CC1C2C(C3C(C(=O)C(=C(C3(C(=O)C2=C(C4=C1C=CC=C4O)O)O)O)C(=O)N)N(C)C)O.Cl
Eburnamonine (-),71203,CCC12CCCN3C1C4=C(CC3)C5=CC=CC=C5N4C(=O)C2
Econazole nitrate,68589,C1=CC(=CC=C1COC(CN2C=CN=C2)C3=C(C=C(C=C3)Cl)Cl)Cl.[N+](=O)(O)[O-]
Enalapril maleate,5388961,CCOC(=O)C(CCC1=CC=CC=C1)NC(C)C(=O)N2CCCC2C(=O)O.C(=CC(=O)O)C(=O)O
Enilconazole,37175,C=CCOC(CN1C=CN=C1)C2=C(C=C(C=C2)Cl)Cl
Ergonovine maleate,6437065,CC(CO)NC(=O)C1CN(C2CC3=CNC4=CC=CC(=C34)C2=C1)C.C(=CC(=O)O)C(=O)O
Ergotamine tartrate,9787,CC1(C(=O)N2C(C(=O)N3CCCC3C2(O1)O)CC4=CC=CC=C4)NC(=O)C5CN(C6CC7=CNC8=CC=CC(=C78)C6=C5)C.CC1(C(=O)N2C(C(=O)N3CCCC3C2(O1)O)CC4=CC=CC=C4)NC(=O)C5CN(C6CC7=CNC8=CC=CC(=C78)C6=C5)C.C(C(C(=O)O)O)(C(=O)O)O
Estropipate,5284555,CC12CCC3C(C1CCC2=O)CCC4=C3C=CC(=C4)OS(=O)(=O)O.C1CNCCN1
Ethaverine hydrochloride,5702159,CCOC1=C(C=C(C=C1)CC2=NC=CC3=CC(=C(C=C32)OCC)OCC)OCC.Cl
Ethopropazine,3290,CCN(CC)C(C)CN1C2=CC=CC=C2SC3=CC=CC=C31
Ethopropazine hydrochloride,122824,CCN(CC)C(C)CN1C2=CC=CC=C2SC3=CC=CC=C31.Cl
Fadrozole hydrochloride,59694,C1CC(N2C=NC=C2C1)C3=CC=C(C=C3)C#N.Cl
Famprofazone,3326,CC(C)C1=C(N(N(C1=O)C2=CC=CC=C2)C)CN(C)C(C)CC3=CC=CC=C3
Fendiline hydrochloride,5702162,CC(C1=CC=CC=C1)NCCC(C2=CC=CC=C2)C3=CC=CC=C3.Cl
Fexofenadine HCl,63002,CC(C)(C1=CC=C(C=C1)C(CCCN2CCC(CC2)C(C3=CC=CC=C3)(C4=CC=CC=C4)O)O)C(=O)O.Cl
Flucloxacillin sodium,23667629,CC1=C(C(=NO1)C2=C(C=CC=C2Cl)F)C(=O)NC3C4N(C3=O)C(C(S4)(C)C)C(=O)[O-].[Na+]
Flunarizine dihydrochloride,5282407,C1CN(CCN1CC=CC2=CC=CC=C2)C(C3=CC=C(C=C3)F)C4=CC=C(C=C4)F.Cl.Cl
Flunixin meglumine,39212,CC1=C(C=CC=C1NC2=C(C=CC=N2)C(=O)O)C(F)(F)F.CNCC(C(C(C(CO)O)O)O)O
Fluphenazine dihydrochloride,67356,C1CN(CCN1CCCN2C3=CC=CC=C3SC4=C2C=C(C=C4)C(F)(F)F)CCO.Cl.Cl
Fluspirilen,3396,C1CN(CCC12C(=O)NCN2C3=CC=CC=C3)CCCC(C4=CC=C(C=C4)F)C5=CC=C(C=C5)F
Fluvoxamine maleate,9560989,COCCCCC(=NOCCN)C1=CC=C(C=C1)C(F)(F)F.C(=CC(=O)O)C(=O)O
Furaltadone hydrochloride,9576185,C1COCCN1CC2CN(C(=O)O2)N=CC3=CC=C(O3)[N+](=O)[O-].Cl
Fusidic acid sodium salt,23672955,CC1C2CCC3(C(C2(CCC1O)C)C(CC4C3(CC(C4=C(CCC=C(C)C)C(=O)[O-])OC(=O)C)C)O)C.[Na+]
GBR 12909 dihydrochloride,104920,C1CN(CCN1CCCC2=CC=CC=C2)CCOC(C3=CC=C(C=C3)F)C4=CC=C(C=C4)F.Cl.Cl
Gentamicine sulfate,6419933,CC(C1CCC(C(O1)OC2C(CC(C(C2O)OC3C(C(C(CO3)(C)O)NC)O)N)N)N)N.CC(C1CCC(C(O1)OC2C(CC(C(C2O)OC3C(C(C(CO3)(C)O)NC)O)N)N)N)NC.CC1(COC(C(C1NC)O)OC2C(CC(C(C2O)OC3C(CCC(O3)CN)N)N)N)O.OS(=O)(=O)O
Ginsenoside Rg3,9918693,CC(=CCCC(C)(C1CCC2(C1C(CC3C2(CCC4C3(CCC(C4(C)C)OC5C(C(C(C(O5)CO)O)O)OC6C(C(C(C(O6)CO)O)O)O)C)C)O)C)O)C
Glafenine hydrochloride,3085326,C1=CC=C(C(=C1)C(=O)OCC(CO)O)NC2=C3C=CC(=CC3=NC=C2)Cl.Cl
Guanadrel sulfate,68552,C1CCC2(CC1)OCC(O2)CN=C(N)N.C1CCC2(CC1)OCC(O2)CN=C(N)N.OS(=O)(=O)O
Halofantrine hydrochloride,37392,CCCCN(CCCC)CCC(C1=C2C=CC(=CC2=C3C=C(C=C(C3=C1)Cl)Cl)C(F)(F)F)O.Cl
Ibutilide fumarate,5281065,CCCCCCCN(CC)CCCC(C1=CC=C(C=C1)NS(=O)(=O)C)O.CCCCCCCN(CC)CCCC(C1=CC=C(C=C1)NS(=O)(=O)C)O.C(=CC(=O)O)C(=O)O
Indatraline hydrochloride,10314472,CNC1CC(C2=CC=CC=C12)C3=CC(=C(C=C3)Cl)Cl.Cl
Ketorolac tromethamine,84003,C1CN2C(=CC=C2C(=O)C3=CC=CC=C3)C1C(=O)O.C(C(CO)(CO)N)O
Lignans,443013,COC1=CC(=CC(=C1OC)OC)C2C3C(COC3=O)C(C4=CC5=C(C=C24)OCO5)O
Lincomycin hydrochloride,64710,CCCC1CC(N(C1)C)C(=O)NC(C2C(C(C(C(O2)SC)O)O)O)C(C)O.Cl
Lomefloxacin hydrochloride,68624,CCN1C=C(C(=O)C2=CC(=C(C(=C21)F)N3CCNC(C3)C)F)C(=O)O.Cl
Loperamide hydrochloride,71420,CN(C)C(=O)C(CCN1CCC(CC1)(C2=CC=C(C=C2)Cl)O)(C3=CC=CC=C3)C4=CC=CC=C4.Cl
Loxapine succinate,71399,CN1CCN(CC1)C2=NC3=CC=CC=C3OC4=C2C=C(C=C4)Cl.C(CC(=O)O)C(=O)O
Mafenide hydrochloride,67313,C1=CC(=CC=C1CN)S(=O)(=O)N.Cl
Magnoloside A,21629882,CC1C(C(C(C(O1)OC2C(C(C(OC2OCCC3=CC(=C(C=C3)O)O)CO)O)OC(=O)C=CC4=CC(=C(C=C4)O)O)O)O)O
Meclocycline sulfosalicylate,54676538,CN(C)C1C2C(C3C(=C)C4=C(C=CC(=C4C(=C3C(=O)C2(C(=C(C1=O)C(=O)N)O)O)O)O)Cl)O.C1=CC(=C(C=C1S(=O)(=O)O)C(=O)O)O
Meclofenamic acid sodium salt monohydrate,23663959,CC1=C(C(=C(C=C1)Cl)NC2=CC=CC=C2C(=O)[O-])Cl.O.[Na+]
Mefloquine hydrochloride,65329,C1CCNC(C1)C(C2=CC(=NC3=C2C=CC=C3C(F)(F)F)C(F)(F)F)O.Cl
Mesoridazine besylate,36207,CN1CCCCC1CCN2C3=CC=CC=C3SC4=C2C=C(C=C4)S(=O)C.C1=CC=C(C=C1)S(=O)(=O)O
Methacycline hydrochloride,54685047,CN(C)C1C2C(C3C(=C)C4=C(C(=CC=C4)O)C(=C3C(=O)C2(C(=C(C1=O)C(=O)N)O)O)O)O.Cl
Methantheline bromide,5883,CC[N+](C)(CC)CCOC(=O)C1C2=CC=CC=C2OC3=CC=CC=C13.[Br-]
Methotrimeprazine maleat salt,5282484,CC(CN1C2=CC=CC=C2SC3=C1C=C(C=C3)OC)CN(C)C.C(=CC(=O)O)C(=O)O
Methyl benzethonium chloride,5702238,CC1=C(C=CC(=C1)C(C)(C)CC(C)(C)C)OCCOCC[N+](C)(C)CC2=CC=CC=C2.[Cl-]
Methylmercury,7906,C[Hg]
Methysergide maleate,5281073,CCC(CO)NC(=O)C1CN(C2CC3=CN(C4=CC=CC(=C34)C2=C1)C)C.C(=CC(=O)O)C(=O)O
Metixene hydrochloride,64722,CN1CCCC(C1)CC2C3=CC=CC=C3SC4=CC=CC=C24.Cl
Minocycline hydrochloride,54685925,CN(C)C1C2CC3CC4=C(C=CC(=C4C(=C3C(=O)C2(C(=C(C1=O)C(=O)N)O)O)O)O)N(C)C.Cl
Monensin sodium salt,23667299,CCC1(CCC(O1)C2(CCC3(O2)CC(C(C(O3)C(C)C(C(C)C(=O)[O-])OC)C)O)C)C4C(CC(O4)C5C(CC(C(O5)(CO)O)C)C)C.[Na+]
Moricizine hydrochloride,34632,CCOC(=O)NC1=CC2=C(C=C1)SC3=CC=CC=C3N2C(=O)CCN4CCOCC4.Cl
Moxalactam disodium salt,441242,CN1C(=NN=N1)SCC2=C(N3C(C(C3=O)(NC(=O)C(C4=CC=C(C=C4)O)C(=O)[O-])OC)OC2)C(=O)[O-].[Na+].[Na+]
N6-methyladenosine,102175,CNC1=C2C(=NC=N1)N(C=N2)C3C(C(C(O3)CO)O)O
Nafcillin sodium salt monohydrate,23704143,CCOC1=C(C2=CC=CC=C2C=C1)C(=O)NC3C4N(C3=O)C(C(S4)(C)C)C(=O)[O-].O.[Na+]
Nafronyl oxalate,312915,CCN(CC)CCOC(=O)C(CC1CCCO1)CC2=CC=CC3=CC=CC=C32.C(=O)(C(=O)O)O
Naftopidil dihydrochloride,11957660,COC1=CC=CC=C1N2CCN(CC2)CC(COC3=CC=CC4=CC=CC=C43)O.Cl.Cl
Nalidixic acid sodium salt,3864541,CCN1C=C(C(=O)C2=C1N=C(C=C2)C)C(=O)[O-].[Na+]
Nefazodone HCl,54911,CCC1=NN(C(=O)N1CCOC2=CC=CC=C2)CCCN3CCN(CC3)C4=CC(=CC=C4)Cl.Cl
Neostigmine bromide,8246,CN(C)C(=O)OC1=CC=CC(=C1)[N+](C)(C)C.[Br-]
Nitrobenzodiazepine,25022001,C1=CC=C2C(=C1)C=CC(=NN2)[N+](=O)[O-]
Norcyclobenzaprine,9918,CNCCC=C1C2=CC=CC=C2C=CC3=CC=CC=C31
Novobiocin sodium salt,54730021,CC1=C(C=CC2=C1OC(=O)C(=C2O)NC(=O)C3=CC(=C(C=C3)[O-])CC=C(C)C)OC4C(C(C(C(O4)(C)C)OC)OC(=O)N)O.[Na+]
Olmesartan medoxomil,130881,CCCC1=NC(=C(N1CC2=CC=C(C=C2)C3=CC=CC=C3C4=NNN=N4)C(=O)OCC5=C(OC(=O)O5)C)C(C)(C)O
Orphenadrine citrate,83823,CC1=CC=CC=C1C(C2=CC=CC=C2)OCCN(C)C.C(C(=O)O)C(CC(=O)O)(C(=O)O)O
Oxacillin sodium,23667631,CC1=C(C(=NO1)C2=CC=CC=C2)C(=O)NC3C4N(C3=O)C(C(S4)(C)C)C(=O)[O-].[Na+]
Oxethazaine,4621,CC(C)(CC1=CC=CC=C1)N(C)C(=O)CN(CCO)CC(=O)N(C)C(C)(C)CC2=CC=CC=C2
Oxibendazol,4622,CCCOC1=CC2=C(C=C1)N=C(N2)NC(=O)OC
Oxiconazole Nitrate,9556529,C1=CC(=C(C=C1Cl)Cl)CON=C(CN2C=CN=C2)C3=C(C=C(C=C3)Cl)Cl.[N+](=O)(O)[O-]
Oxybutynin chloride,91505,CCN(CC)CC#CCOC(=O)C(C1CCCCC1)(C2=CC=CC=C2)O.Cl
Oxytetracycline dihydrate,54680691,CC1(C2C(C3C(C(=O)C(=C(C3(C(=O)C2=C(C4=C1C=CC=C4O)O)O)O)C(=O)N)N(C)C)O)O.O.O
Parbendazole,26596,CCCCC1=CC2=C(C=C1)N=C(N2)NC(=O)OC
Pemirolast potassium,443866,CC1=CC=CN2C1=NC=C(C2=O)C3=NN=N[N-]3.[K+]
Penbutolol sulfate,38010,CC(C)(C)NCC(COC1=CC=CC=C1C2CCCC2)O.CC(C)(C)NCC(COC1=CC=CC=C1C2CCCC2)O.OS(=O)(=O)O
Pentamidine isethionate,8813,C1=CC(=CC=C1C(=N)N)OCCCCCOC2=CC=C(C=C2)C(=N)N.C(CS(=O)(=O)O)O.C(CS(=O)(=O)O)O
Perhexiline maleate,5284439,C1CCC(CC1)C(CC2CCCCN2)C3CCCCC3.C(=CC(=O)O)C(=O)O
Pericyazine,4747,C1CN(CCC1O)CCCN2C3=CC=CC=C3SC4=C2C=C(C=C4)C#N
Phenethicillin potassium salt,23675317,CC(C(=O)NC1C2N(C1=O)C(C(S2)(C)C)C(=O)[O-])OC3=CC=CC=C3.[K+]
Phenytoin sodium,657302,C1=CC=C(C=C1)C2(C(=O)[N-]C(=O)N2)C3=CC=CC=C3.[Na+]
Pimethixene maleate,5702167,CN1CCC(=C2C3=CC=CC=C3SC4=CC=CC=C42)CC1.C(=CC(=O)O)C(=O)O
Pinaverium bromide,40703,CC1(C2CCC(C1C2)CCOCC[N+]3(CCOCC3)CC4=CC(=C(C=C4Br)OC)OC)C.[Br-]
Piperacillin sodium salt,23666879,CCN1CCN(C(=O)C1=O)C(=O)NC(C2=CC=CC=C2)C(=O)NC3C4N(C3=O)C(C(S4)(C)C)C(=O)[O-].[Na+]
Pivmecillinam hydrochloride,115162,CC1(C(N2C(S1)C(C2=O)N=CN3CCCCCC3)C(=O)OCOC(=O)C(C)(C)C)C.Cl
Pizotifen malate,168993,CN1CCC(=C2C3=C(CCC4=CC=CC=C42)SC=C3)CC1.C(C(C(=O)O)O)C(=O)O
Prenylamine lactate,65557,CC(CC1=CC=CC=C1)NCCC(C2=CC=CC=C2)C3=CC=CC=C3.CC(C(=O)O)O
Pridinol methanesulfonate salt,165542,CS(=O)(=O)O.C1CCN(CC1)CCC(C2=CC=CC=C2)(C3=CC=CC=C3)O
Prilocaine hydrochloride,92163,CCCNC(C)C(=O)NC1=CC=CC=C1C.Cl
Primaquine phosphate,6135,CC(CCCN)NC1=C2C(=CC(=C1)OC)C=CC=N2.OP(=O)(O)O.OP(=O)(O)O
Proadifen hydrochloride,65341,CCCC(C1=CC=CC=C1)(C2=CC=CC=C2)C(=O)OCCN(CC)CC.Cl
Prochlorperazine dimaleate,5281032,CN1CCN(CC1)CCCN2C3=CC=CC=C3SC4=C2C=C(C=C4)Cl.C(=CC(=O)O)C(=O)O.C(=CC(=O)O)C(=O)O
Promazine hydrochloride,5887,CN(C)CCCN1C2=CC=CC=C2SC3=CC=CC=C31.Cl
Promethazine hydrochloride,6014,CC(CN1C2=CC=CC=C2SC3=CC=CC=C31)N(C)C.Cl
Propidium iodide,104981,CC[N+](C)(CC)CCC[N+]1=C2C=C(C=CC2=C3C=CC(=CC3=C1C4=CC=CC=C4)N)N.[I-].[I-]
Protriptyline hydrochloride,6603149,CNCCCC1C2=CC=CC=C2C=CC3=CC=CC=C13.Cl
Pyrvinium pamoate,54680693,CC1=CC(=C(N1C2=CC=CC=C2)C)C=CC3=[N+](C4=C(C=C3)C=C(C=C4)N(C)C)C.CC1=CC(=C(N1C2=CC=CC=C2)C)C=CC3=[N+](C4=C(C=C3)C=C(C=C4)N(C)C)C.C1=CC=C2C(=C1)C=C(C(=C2CC3=C(C(=CC4=CC=CC=C43)C(=O)O)[O-])[O-])C(=O)O
Quercetin-3-glucoside,5280804,C1=CC(=C(C=C1C2=C(C(=O)C3=C(C=C(C=C3O2)O)O)OC4C(C(C(C(O4)CO)O)O)O)O)O
Quinacrine dihydrochloride dihydrate,2725002,CCN(CC)CCCC(C)NC1=C2C=C(C=CC2=NC3=C1C=CC(=C3)Cl)OC.O.O.Cl.Cl
R(-) Apomorphine hydrochloride hemihydrate,6852399,CN1CCC2=C3C1CC4=C(C3=CC=C2)C(=C(C=C4)O)O.O.Cl
Rabeprazole Sodium salt,14720269,CC1=C(C=CN=C1CS(=O)C2=NC3=CC=CC=C3[N-]2)OCCCOC.[Na+]
Racepinephrine HCl,5924,CNCC(C1=CC(=C(C=C1)O)O)O.Cl
Raloxifene hydrochloride,54900,C1CCN(CC1)CCOC2=CC=C(C=C2)C(=O)C3=C(SC4=C3C=CC(=C4)O)C5=CC=C(C=C5)O.Cl
Ribostamycin sulfate salt,33042,C1C(C(C(C(C1N)OC2C(C(C(C(O2)CN)O)O)N)OC3C(C(C(O3)CO)O)O)O)N
Riluzole hydrochloride,6419992,C1=CC2=C(C=C1OC(F)(F)F)SC(=N2)N.Cl
Ronidazole,5094,CN1C(=CN=C1COC(=O)N)[N+](=O)[O-]
Saquinavir mesylate,60934,CC(C)(C)NC(=O)C1CC2CCCCC2CN1CC(C(CC3=CC=CC=C3)NC(=O)C(CC(=O)N)NC(=O)C4=NC5=CC=CC=C5C=C4)O.CS(=O)(=O)O
Sertaconazole nitrate,200103,C1=CC2=C(C(=C1)Cl)SC=C2COC(CN3C=CN=C3)C4=C(C=C(C=C4)Cl)Cl.[N+](=O)(O)[O-]
Sildenafil citrate,135413523,CCCC1=NN(C2=C1N=C(NC2=O)C3=C(C=CC(=C3)S(=O)(=O)N4CCN(CC4)C)OCC)C.C(C(=O)O)C(CC(=O)O)(C(=O)O)O
Sisomicin sulfate,439243,CC1(COC(C(C1NC)O)OC2C(CC(C(C2O)OC3C(CC=C(O3)CN)N)N)N)O.CC1(COC(C(C1NC)O)OC2C(CC(C(C2O)OC3C(CC=C(O3)CN)N)N)N)O.OS(=O)(=O)O.OS(=O)(=O)O.OS(=O)(=O)O.OS(=O)(=O)O.OS(=O)(=O)O
Sodium butyrate,5222465,CCCC(=O)[O-].[Na+]
Sodium cyclamate,23665706,C1CCC(CC1)NS(=O)(=O)[O-].[Na+]
Spectinomycin dihydrochloride,64740,CC1CC(=O)C2(C(O1)OC3C(C(C(C(C3O2)NC)O)NC)O)O.Cl.Cl
Spiperone,5265,C1CN(CCC12C(=O)NCN2C3=CC=CC=C3)CCCC(=O)C4=CC=C(C=C4)F
Stachyose,439531,C(C1C(C(C(C(O1)OCC2C(C(C(C(O2)OCC3C(C(C(C(O3)OC4(C(C(C(O4)CO)O)O)CO)O)O)O)O)O)O)O)O)O)O
Streptozotocin,29327,CN(C(=O)NC1C(C(C(OC1O)CO)O)O)N=O
Sulconazole nitrate,65495,C1=CC(=CC=C1CSC(CN2C=CN=C2)C3=C(C=C(C=C3)Cl)Cl)Cl.[N+](=O)(O)[O-]
Sulfamonomethoxine,5332,COC1=NC=NC(=C1)NS(=O)(=O)C2=CC=C(C=C2)N
Sumatriptan succinate,59772,CNS(=O)(=O)CC1=CC2=C(C=C1)NC=C2CCN(C)C.C(CC(=O)O)C(=O)O
Talampicillin hydrochloride,71446,CC1(C(N2C(S1)C(C2=O)NC(=O)C(C3=CC=CC=C3)N)C(=O)OC4C5=CC=CC=C5C(=O)O4)C.Cl
Tamoxifen citrate,2733525,CCC(=C(C1=CC=CC=C1)C2=CC=C(C=C2)OCCN(C)C)C3=CC=CC=C3.C(C(=O)O)C(CC(=O)O)(C(=O)O)O
Tenatoprazole,636411,CC1=CN=C(C(=C1OC)C)CS(=O)C2=NC3=C(N2)C=CC(=N3)OC
Tetracycline hydrochloride,54704426,CC1(C2CC3C(C(=O)C(=C(C3(C(=O)C2=C(C4=C1C=CC=C4O)O)O)O)C(=O)N)N(C)C)O.Cl
Thiethylperazine dimalate,11954258,CCSC1=CC2=C(C=C1)SC3=CC=CC=C3N2CCCN4CCN(CC4)C.C(C(C(=O)O)O)C(=O)O.C(C(C(=O)O)O)C(=O)O
Thioguanosine,2724387,C1=NC2=C(N1C3C(C(C(O3)CO)O)O)NC(=NC2=S)N
Thioridazine hydrochloride,66062,CN1CCCCC1CCN2C3=CC=CC=C3SC4=C2C=C(C=C4)SC.Cl
Thonzonium bromide,11102,CCCCCCCCCCCCCCCC[N+](C)(C)CCN(CC1=CC=C(C=C1)OC)C2=NC=CC=N2.[Br-]
Thyroxine (L),5819,C1=C(C=C(C(=C1I)OC2=CC(=C(C(=C2)I)O)I)I)CC(C(=O)O)N
Ticarcillin sodium,470375,CC1(C(N2C(S1)C(C2=O)NC(=O)C(C3=CSC=C3)C(=O)[O-])C(=O)[O-])C.[Na+].[Na+]
"Tiratricol, 3,3',5-triiodothyroacetic acid",5803,C1=CC(=C(C=C1OC2=C(C=C(C=C2I)CC(=O)O)I)I)O
Toltrazuril,68591,CC1=C(C=CC(=C1)N2C(=O)NC(=O)N(C2=O)C)OC3=CC=C(C=C3)SC(F)(F)F
Tosufloxacin hydrochloride,10433396,C1CN(CC1N)C2=C(C=C3C(=O)C(=CN(C3=N2)C4=C(C=C(C=C4)F)F)C(=O)O)F.Cl
Trazodone hydrochloride,62935,C1CN(CCN1CCCN2C(=O)N3C=CC=CC3=N2)C4=CC(=CC=C4)Cl.Cl
Trifluoperazine dihydrochloride,66064,CN1CCN(CC1)CCCN2C3=CC=CC=C3SC4=C2C=C(C=C4)C(F)(F)F.Cl.Cl
Triflupromazine hydrochloride,66069,CN(C)CCCN1C2=CC=CC=C2SC3=C1C=C(C=C3)C(F)(F)F.Cl
Trimebutine maleate,5388977,CCC(COC(=O)C1=CC(=C(C(=C1)OC)OC)OC)(C2=CC=CC=C2)N(C)C.C(=CC(=O)O)C(=O)O
Trimeprazine tartrate,441236,CC(CN1C2=CC=CC=C2SC3=CC=CC=C31)CN(C)C.CC(CN1C2=CC=CC=C2SC3=CC=CC=C31)CN(C)C.C(C(C(=O)O)O)(C(=O)O)O
Trimetazidine dihydrochloride,83201,COC1=C(C(=C(C=C1)CN2CCNCC2)OC)OC.Cl.Cl
Urolithin-A,5488186,C1=CC2=C(C=C1O)C(=O)OC3=C2C=CC(=C3)O
Vancomycin hydrochloride,6420023,CC1C(C(CC(O1)OC2C(C(C(OC2OC3=C4C=C5C=C3OC6=C(C=C(C=C6)C(C(C(=O)NC(C(=O)NC5C(=O)NC7C8=CC(=C(C=C8)O)C9=C(C=C(C=C9O)O)C(NC(=O)C(C(C1=CC(=C(O4)C=C1)Cl)O)NC7=O)C(=O)O)CC(=O)N)NC(=O)C(CC(C)C)NC)O)Cl)CO)O)O)(C)N)O.Cl
Vecuronium bromide,39764,CC(=O)OC1CC2CCC3C(C2(CC1N4CCCCC4)C)CCC5(C3CC(C5OC(=O)C)[N+]6(CCCCC6)C)C.[Br-]
Ziprasidone mesylate,154068,CS(=O)(=O)O.C1CN(CCN1CCC2=C(C=C3C(=C2)CC(=O)N3)Cl)C4=NSC5=CC=CC=C54
Zuclopenthixol dihydrochloride,6433208,C1CN(CCN1CCC=C2C3=CC=CC=C3SC4=C2C=C(C=C4)Cl)CCO.Cl.Cl
Teicoplanin,133065662,CCCCCCCCCC(=O)NC1C(C(C(OC1OC2=C3C=C4C=C2OC5=C(C=C(C=C5)C(C6C(=O)NC(C7=C(C(=CC(=C7)O)OC8C(C(C(C(O8)CO)O)O)O)C9=C(C=CC(=C9)C(C(=O)N6)NC(=O)C4NC(=O)C1C2=CC(=CC(=C2)OC2=C(C=CC(=C2)C(C(=O)NC(CC2=CC(=C(O3)C=C2)Cl)C(=O)N1)N)O)O)O)C(=O)O)OC1C(C(C(C(O1)CO)O)O)NC(=O)C)Cl)CO)O)O
Garenoxacin,124093,CC1C2=C(CN1)C=C(C=C2)C3=C(C4=C(C=C3)C(=O)C(=CN4C5CC5)C(=O)O)OC(F)F
Sitafloxacin,461399,C1CC12CN(CC2N)C3=C(C=C4C(=C3Cl)N(C=C(C4=O)C(=O)O)C5CC5F)F
Mercuric chloride,24085,Cl[Hg]Cl
Cadmium,23973,[Cd]
"2,2',4,4'-Tetrabromodiphenyl ether",95170,C1=CC(=C(C=C1Br)Br)OC2=C(C=C(C=C2)Br)Br
"2,3,7,8-tetrachlorodibenzofuran",39929,C1=C2C3=CC(=C(C=C3OC2=CC(=C1Cl)Cl)Cl)Cl
"2,3,7,8-tetrachlorodibenzo-p-dioxin",15625,C1=C2C(=CC(=C1Cl)Cl)OC3=CC(=C(C=C3O2)Cl)Cl
Aldicarb,9570071,CC(C)(C=NOC(=O)NC)SC
AQ4N,9955116,C[N+](C)(CCNC1=C2C(=C(C=C1)NCC[N+](C)(C)[O-])C(=O)C3=C(C=CC(=C3C2=O)O)O)[O-]
Benzo[a]pyrene,2336,C1=CC=C2C3=C4C(=CC2=C1)C=CC5=C4C(=CC=C5)C=C3
Cefpodoxime Proxetil,6526396,CC(C)OC(=O)OC(C)OC(=O)C1=C(CSC2N1C(=O)C2NC(=O)C(=NOC)C3=CSC(=N3)N)COC
Ceftaroline,9852981,CCON=C(C1=NSC(=N1)NP(=O)(O)O)C(=O)NC2C3N(C2=O)C(=C(CS3)SC4=NC(=CS4)C5=CC=[N+](C=C5)C)C(=O)[O-]
Ceftazidime/avibactam,77050660,CC(C)(C(=O)O)ON=C(C1=CSC(=N1)N)C(=O)NC2C3N(C2=O)C(=C(CS3)C[N+]4=CC=CC=C4)C(=O)[O-].C1CC(N2CC1N(C2=O)OS(=O)(=O)O)C(=O)N
Cefuroxime axetil,6321416,CC(OC(=O)C)OC(=O)C1=C(CSC2N1C(=O)C2NC(=O)C(=NOC)C3=CC=CO3)COC(=O)N
Cephaloridine,5773,C1C(=C(N2C(S1)C(C2=O)NC(=O)CC3=CC=CS3)C(=O)[O-])C[N+]4=CC=CC=C4
Cephazolin,33255,CC1=NN=C(S1)SCC2=C(N3C(C(C3=O)NC(=O)CN4C=NN=N4)SC2)C(=O)O
Chlorothalonil,15910,C(#N)C1=C(C(=C(C(=C1Cl)Cl)Cl)C#N)Cl
Chlorpyrifos,2730,CCOP(=S)(OCC)OC1=NC(=C(C=C1Cl)Cl)Cl
Cyclamate,7533,C1CCC(CC1)NS(=O)(=O)O
Deoxynivalenol,40024,CC1=CC2C(C(C1=O)O)(C3(CC(C(C34CO4)O2)O)C)CO
Epoxiconazole,107901,C1=CC=C(C(=C1)C2C(O2)(CN3C=NC=N3)C4=CC=C(C=C4)F)Cl
Fipronil,3352,C1=C(C=C(C(=C1Cl)N2C(=C(C(=N2)C#N)S(=O)C(F)(F)F)N)Cl)C(F)(F)F
Genistin,5281377,C1=CC(=CC=C1C2=COC3=CC(=CC(=C3C2=O)O)OC4C(C(C(C(O4)CO)O)O)O)O
Hexachlorocyclohexane,727,C1(C(C(C(C(C1Cl)Cl)Cl)Cl)Cl)Cl
Lead,5352425,[Pb]
Lemofloxacin,45357079,CCN1CC(C(=O)C2=CC(=C(C(=C21)F)N3CCNC(C3)C)F)C(=O)O
Lenapenem,216262,CC1C2C(C(=O)N2C(=C1SC3CC(NC3)C(CCNC)O)C(=O)O)C(C)O
MCB3837,44201350,CC(=O)NCC1CN(C(=O)O1)C2=CC(=C(C=C2)OCC3(CCN(CC3)C4=C(C=C5C(=C4)N(C=C(C5=O)C(=O)O)C6CC6)F)OP(=O)(O)O)F
Mercury,23931,[Hg]
Mitomycin C,5746,CC1=C(C(=O)C2=C(C1=O)N3CC4C(C3(C2COC(=O)N)OC)N4)N
Monoethylhexyl phthalate,20393,CCCCC(CC)COC(=O)C1=CC=CC=C1C(=O)O
Neocarzinostatin,57125363,CC1C(C(C(C(O1)OC2C3CC#CC4C(O4)(C#CC3=CC2OC(=O)C5=C(C=CC6=C5C=C(C=C6C)OC)O)C7COC(=O)O7)NC)O)O
Nickel,935,[Ni]
Ochratoxin A,442530,CC1CC2=C(C=C(C(=C2C(=O)O1)O)C(=O)NC(CC3=CC=CC=C3)C(=O)O)Cl
"p,p'-Dichlorodiphenyldichloroethylene",3035,C1=CC(=CC=C1C(=C(Cl)Cl)C2=CC=C(C=C2)Cl)Cl
Pentachlorophenol,992,C1(=C(C(=C(C(=C1Cl)Cl)Cl)Cl)Cl)O
Perfluorobutanesulfonic acid,67815,C(C(C(F)(F)S(=O)(=O)O)(F)F)(C(F)(F)F)(F)F
Propamocarb,32490,CCCOC(=O)NCCCN(C)C
Quinupristin/dalfopristin,71770713,CCC1C(=O)N2CCCC2C(=O)N(C(C(=O)N3CC(C(=O)CC3C(=O)NC(C(=O)OC(C(C(=O)N1)NC(=O)C4=C(C=CC=N4)O)C)C5=CC=CC=C5)CSC6CN7CCC6CC7)CC8=CC=C(C=C8)N(C)C)C.CCN(CC)CCS(=O)(=O)C1CCN2C1C(=O)OC(C(C=CC(=O)NCC=CC(=CC(CC(=O)CC3=NC(=CO3)C2=O)O)C)C)C(C)C
Ritipenem acoxil,163692,CC(C1C2N(C1=O)C(=C(S2)COC(=O)N)C(=O)OCOC(=O)C)O
Sulphalene,9047,COC1=NC=CN=C1NS(=O)(=O)C2=CC=C(C=C2)N
Sulphasomidine,5343,CC1=CC(=NC(=N1)C)NS(=O)(=O)C2=CC=C(C=C2)N
Thiamethoxam,5821911,CN1COCN(C1=N[N+](=O)[O-])CC2=CN=C(S2)Cl
Trichlorfon,5853,COP(=O)(C(C(Cl)(Cl)Cl)O)OC
Trimethoprim/sulfamethoxazole,358641,CC1=CC(=NO1)NS(=O)(=O)C2=CC=C(C=C2)N.COC1=CC(=CC(=C1OC)OC)CC2=CN=C(N=C2N)N
Valacyclovir,135398742,CC(C)C(C(=O)OCCOCN1C=NC2=C1N=C(NC2=O)N)N
